"","team.name","team.age","elo","elo.seasonstart","team.provelo","X9.24.2016","X9.25.2016","X10.1.2016","X10.8.2016","X10.9.2016","X10.15.2016","X10.22.2016","X10.23.2016","X10.29.2016","X10.30.2016","X11.5.2016","X11.6.2016","X11.12.2016","X11.13.2016","X11.19.2016","X11.20.2016","X12.3.2016","X1.14.2017","X1.21.2017","X1.28.2017","X2.4.2017","X2.11.2017","X2.12.2017","X2.18.2017","X2.19.2017","X2.25.2017","X2.26.2017","X3.4.2017","X3.5.2017","X3.11.2017","X3.18.2017","X3.25.2017","X3.26.2017","X4.8.2017","X4.9.2017"
"1","Marquette University Quidditch",2014,1495.00192076709,1672.934175919,10569.6753850144,1685.01776684009,1685.01776684009,1683.62225472813,1584.59021602742,1584.59021602742,1584.59021602742,1584.59021602742,1584.59021602742,1584.59021602742,1584.59021602742,1584.59021602742,1584.59021602742,1573.05725178785,1596.85921254509,1596.85921254509,1596.85921254509,1596.85921254509,1596.85921254509,1596.85921254509,1596.85921254509,1596.85921254509,1596.85921254509,1596.85921254509,1596.85921254509,1596.85921254509,1568.08858898561,1568.08858898561,1486.71408673704,1486.71408673704,1486.71408673704,1486.71408673704,1486.71408673704,1486.71408673704,1495.00192076709,1495.00192076709
"2","RIT Dark Marks",2014,1511.17038089638,1558.85062635157,12556.3104377297,1527.5372381512,1527.5372381512,1527.5372381512,1614.57904788833,1614.57904788833,1598.09186177151,1598.09186177151,1598.09186177151,1588.28286171574,1710.14852603964,1710.14852603964,1710.14852603964,1710.14852603964,1710.14852603964,1710.14852603964,1710.14852603964,1710.14852603964,1710.14852603964,1710.14852603964,1710.14852603964,1710.14852603964,1710.14852603964,1710.14852603964,1710.14852603964,1710.14852603964,1710.14852603964,1710.14852603964,1710.14852603964,1710.14852603964,1568.44030178987,1568.44030178987,1568.44030178987,1568.44030178987,1511.17038089638,1511.17038089638
"3","Ohio State Quidditch",2014,1742.33967460205,1600.55290472837,11687.4394925594,1678.62801123887,1678.62801123887,1678.62801123887,1730.2149344771,1730.2149344771,1730.2149344771,1730.2149344771,1730.2149344771,1730.2149344771,1730.2149344771,1757.21673301476,1784.68001850397,1784.68001850397,1784.68001850397,1784.68001850397,1784.68001850397,1784.68001850397,1784.68001850397,1784.68001850397,1784.68001850397,1784.68001850397,1784.68001850397,1784.68001850397,1784.68001850397,1784.68001850397,1827.63737753725,1827.63737753725,1827.63737753725,1827.63737753725,1827.63737753725,1827.63737753725,1832.82380755727,1832.82380755727,1771.80594191623,1742.33967460205
"4","Ball State Cardinals",2014,1876.00095351208,1942.0834587279,9031.34088482526,1849.00724625096,1849.00724625096,1856.43993230762,1952.75115236495,1952.75115236495,1952.75115236495,1952.75115236495,1952.75115236495,1952.75115236495,1952.75115236495,1968.26716891173,1929.14604991352,1929.14604991352,1929.14604991352,1929.14604991352,1929.14604991352,1929.14604991352,1929.14604991352,1929.14604991352,1929.14604991352,1929.14604991352,1929.14604991352,1929.14604991352,1929.14604991352,1929.14604991352,1896.01177978211,1896.01177978211,1896.01177978211,1896.01177978211,1896.01177978211,1896.01177978211,1884.13692363847,1884.13692363847,1908.45097276572,1876.00095351208
"5","Ohio University Quidditch Club",2014,1451.99874897939,1455.71009309555,10039.0471038507,1362.84058735024,1362.84058735024,1361.2240236316,1361.2240236316,1361.2240236316,1454.54956467637,1454.54956467637,1454.54956467637,1454.54956467637,1454.54956467637,1542.09046478028,1521.39951550219,1521.39951550219,1521.39951550219,1521.39951550219,1521.39951550219,1521.39951550219,1521.39951550219,1521.39951550219,1521.39951550219,1521.39951550219,1521.39951550219,1521.39951550219,1521.39951550219,1521.39951550219,1496.21688574239,1496.21688574239,1496.21688574239,1496.21688574239,1496.21688574239,1496.21688574239,1451.99874897939,1451.99874897939,1451.99874897939,1451.99874897939
"6","Central Michigan Quidditch",2014,1728.73831056315,1531.81571206516,13577.2078159548,1586.58401763499,1586.58401763499,1586.58401763499,1570.11192890744,1570.11192890744,1666.19382122878,1666.19382122878,1666.19382122878,1666.19382122878,1666.19382122878,1645.28829270416,1637.29294538778,1637.29294538778,1637.29294538778,1637.29294538778,1637.29294538778,1637.29294538778,1637.29294538778,1637.29294538778,1637.29294538778,1637.29294538778,1637.29294538778,1637.29294538778,1637.29294538778,1637.29294538778,1730.05811443626,1730.05811443626,1730.05811443626,1730.05811443626,1730.05811443626,1730.05811443626,1778.52930147757,1649.30020350641,1693.37586997648,1728.73831056315
"7","Bowling Green State University",2014,2114.15340436635,1902.18891050032,13901.2058073959,1990.35369696867,1990.35369696867,2029.9417586992,2029.9417586992,2029.9417586992,2029.9417586992,2029.9417586992,2029.9417586992,2029.9417586992,2029.9417586992,2039.55769946258,2113.16479569675,2113.16479569675,2113.16479569675,2113.16479569675,2113.16479569675,2113.16479569675,2113.16479569675,2127.46836559933,2127.46836559933,2127.46836559933,2127.46836559933,2127.46836559933,2127.46836559933,2127.46836559933,2127.46836559933,2127.46836559933,2127.46836559933,2127.46836559933,2127.46836559933,2127.46836559933,2097.20384196982,2097.20384196982,2085.72672336611,2114.15340436635
"8","Miami University",2014,1572.34345921648,1667.78591912388,11915.9623105131,1729.78753363971,1729.78753363971,1729.78753363971,1611.06100862952,1611.06100862952,1611.06100862952,1611.06100862952,1611.06100862952,1611.06100862952,1611.06100862952,1660.97565607441,1686.19428912946,1686.19428912946,1686.19428912946,1686.19428912946,1686.19428912946,1686.19428912946,1686.19428912946,1686.19428912946,1686.19428912946,1686.19428912946,1686.19428912946,1686.19428912946,1686.19428912946,1686.19428912946,1634.75038178026,1634.75038178026,1634.75038178026,1634.75038178026,1587.82865991759,1587.82865991759,1587.82865991759,1587.82865991759,1572.34345921648,1572.34345921648
"9","Wooster Scottish Nationals",2014,1191.21113446928,1276.02065189114,2485.13764177704,1256.65471366814,1256.65471366814,1231.92181301159,1231.92181301159,1231.92181301159,1231.92181301159,1231.92181301159,1231.92181301159,1231.92181301159,1231.92181301159,1202.91269409132,1191.21113446928,1191.21113446928,1191.21113446928,1191.21113446928,1191.21113446928,1191.21113446928,1191.21113446928,1191.21113446928,1191.21113446928,1191.21113446928,1191.21113446928,1191.21113446928,1191.21113446928,1191.21113446928,1191.21113446928,1191.21113446928,1191.21113446928,1191.21113446928,1191.21113446928,1191.21113446928,1191.21113446928,1191.21113446928,1191.21113446928,1191.21113446928
"10","Rochester United",2016,2157.63292808326,2004.33227731588,15642.0274965222,2030.63246762498,2030.63246762498,2030.63246762498,2030.63246762498,2030.63246762498,2078.5042277896,2078.5042277896,2078.5042277896,2088.73233016742,2102.21934676118,2102.21934676118,2102.21934676118,2102.21934676118,2102.21934676118,2102.21934676118,2102.21934676118,2102.21934676118,2102.21934676118,2102.21934676118,2102.21934676118,2102.21934676118,2102.21934676118,2102.21934676118,2102.21934676118,2102.21934676118,2102.21934676118,2102.21934676118,2102.21934676118,2102.21934676118,2142.55283728876,2142.55283728876,2142.55283728876,2142.55283728876,2166.33572831788,2157.63292808326
"11","Grove City Legion of Broom",2014,1144.35383033162,1244.82409020331,9987.95241861277,1274.33338364298,1274.33338364298,1274.33338364298,1274.33338364298,1274.33338364298,1192.49348113636,1192.49348113636,1192.49348113636,1144.35383033162,1144.35383033162,1144.35383033162,1144.35383033162,1144.35383033162,1144.35383033162,1144.35383033162,1144.35383033162,1144.35383033162,1144.35383033162,1144.35383033162,1144.35383033162,1144.35383033162,1144.35383033162,1144.35383033162,1144.35383033162,1144.35383033162,1144.35383033162,1144.35383033162,1144.35383033162,1144.35383033162,1144.35383033162,1144.35383033162,1144.35383033162,1144.35383033162,1144.35383033162,1144.35383033162
"12","Northern Arizona University Narwhals",2014,1212.83681445085,1593.46695065737,16206.9291197902,1584.98156923625,1584.98156923625,1584.98156923625,1580.19453940658,1580.19453940658,1580.19453940658,1580.19453940658,1580.19453940658,1580.19453940658,1580.19453940658,1601.93432689856,1601.93432689856,1601.93432689856,1601.93432689856,1601.93432689856,1601.93432689856,1601.93432689856,1601.93432689856,1601.93432689856,1601.93432689856,1601.93432689856,1601.93432689856,1601.93432689856,1601.93432689856,1601.93432689856,1616.47571534577,1554.70053591737,1554.70053591737,1554.70053591737,1554.70053591737,1554.70053591737,1330.9886364447,1212.83681445085,1212.83681445085,1212.83681445085
"13","Crimson Elite",2015,1754.03677773411,1718.32348711561,12321.1296684671,1813.22892914757,1813.22892914757,1813.22892914757,1801.71428759313,1801.71428759313,1801.71428759313,1792.35525251374,1792.35525251374,1792.35525251374,1792.35525251374,1792.35525251374,1792.35525251374,1792.35525251374,1792.35525251374,1792.35525251374,1792.35525251374,1792.35525251374,1785.98307059443,1785.98307059443,1785.98307059443,1785.98307059443,1785.98307059443,1785.98307059443,1785.98307059443,1785.98307059443,1778.084783364,1777.51006978602,1777.51006978602,1777.51006978602,1777.51006978602,1777.51006978602,1777.51006978602,1777.51006978602,1792.35975860645,1754.03677773411
"14","Mile High Quidditch Club",2017,1456.40502293725,1500,5825.62009174901,1456.40502293725,1456.40502293725,1456.40502293725,1456.40502293725,1456.40502293725,1456.40502293725,1456.40502293725,1456.40502293725,1456.40502293725,1456.40502293725,1456.40502293725,1456.40502293725,1456.40502293725,1456.40502293725,1456.40502293725,1456.40502293725,1456.40502293725,1456.40502293725,1456.40502293725,1456.40502293725,1456.40502293725,1456.40502293725,1456.40502293725,1456.40502293725,1456.40502293725,1456.40502293725,1456.40502293725,1456.40502293725,1456.40502293725,1456.40502293725,1456.40502293725,1456.40502293725,1456.40502293725,1456.40502293725,1456.40502293725
"15","Boise State Abraxans",2014,1850.82689501699,1809.26774162013,7209.8860653935,1749.60317614579,1749.60317614579,1749.60317614579,1807.62399942447,1807.62399942447,1807.62399942447,1899.29608323521,1899.29608323521,1899.29608323521,1899.29608323521,1899.29608323521,1899.29608323521,1899.29608323521,1899.29608323521,1899.29608323521,1899.29608323521,1899.29608323521,1899.29608323521,1899.29608323521,1899.29608323521,1899.29608323521,1899.29608323521,1899.29608323521,1899.29608323521,1899.29608323521,1899.29608323521,1899.29608323521,1889.85182132162,1889.85182132162,1889.85182132162,1889.85182132162,1889.85182132162,1889.85182132162,1850.82689501699,1850.82689501699
"16","Crimson Fliers",2016,1183.4264085288,1185.71636076252,9586.83083302658,1161.45347057283,1161.45347057283,1161.45347057283,1157.4292349444,1157.4292349444,1157.4292349444,1297.46136433188,1297.46136433188,1297.46136433188,1297.46136433188,1297.46136433188,1297.46136433188,1297.46136433188,1297.46136433188,1297.46136433188,1297.46136433188,1297.46136433188,1297.46136433188,1297.46136433188,1297.46136433188,1297.46136433188,1297.46136433188,1297.46136433188,1297.46136433188,1297.46136433188,1183.4264085288,1183.4264085288,1183.4264085288,1183.4264085288,1183.4264085288,1183.4264085288,1183.4264085288,1183.4264085288,1183.4264085288,1183.4264085288
"17","Provo Quidditch",2016,1467.45377034954,1465.9445518984,12093.1673714692,1430.17738102597,1430.17738102597,1430.17738102597,1392.26889922514,1392.26889922514,1392.26889922514,1396.95592352472,1396.95592352472,1396.95592352472,1396.95592352472,1396.95592352472,1396.95592352472,1396.95592352472,1396.95592352472,1396.95592352472,1396.95592352472,1282.91928283257,1282.91928283257,1282.91928283257,1282.91928283257,1282.91928283257,1282.91928283257,1282.91928283257,1282.91928283257,1282.91928283257,1282.91928283257,1282.91928283257,1467.45377034954,1467.45377034954,1467.45377034954,1467.45377034954,1467.45377034954,1467.45377034954,1467.45377034954,1467.45377034954
"18","Utah State Quidditch Club",2015,1670.45854054032,1621.26037092535,11288.1580482259,1695.96397117654,1695.96397117654,1695.96397117654,1691.39050688157,1691.39050688157,1691.39050688157,1739.90793587848,1739.90793587848,1739.90793587848,1739.90793587848,1739.90793587848,1739.90793587848,1698.51237024866,1698.51237024866,1698.51237024866,1698.51237024866,1698.51237024866,1770.14573998972,1770.14573998972,1770.14573998972,1770.14573998972,1770.14573998972,1770.14573998972,1770.14573998972,1770.14573998972,1770.14573998972,1770.14573998972,1823.52362123246,1823.52362123246,1823.52362123246,1823.52362123246,1823.52362123246,1823.52362123246,1670.45854054032,1670.45854054032
"19","Florida Gulf Coast Quidditch",2014,1486.65629465742,1497.42953247373,12142.3936435107,1535.87745817782,1535.87745817782,1535.87745817782,1535.87745817782,1535.87745817782,1486.65629465742,1486.65629465742,1486.65629465742,1486.65629465742,1486.65629465742,1486.65629465742,1486.65629465742,1486.65629465742,1486.65629465742,1486.65629465742,1486.65629465742,1486.65629465742,1486.65629465742,1486.65629465742,1486.65629465742,1486.65629465742,1486.65629465742,1486.65629465742,1486.65629465742,1486.65629465742,1486.65629465742,1486.65629465742,1486.65629465742,1486.65629465742,1486.65629465742,1486.65629465742,1486.65629465742,1486.65629465742,1486.65629465742,1486.65629465742
"20","Florida's Finest",2014,2026.06917777829,1755.27406422733,15585.5762186242,1755.27406422733,1755.27406422733,1755.27406422733,1755.27406422733,1755.27406422733,1755.27406422733,1755.27406422733,1755.27406422733,1755.27406422733,1755.27406422733,1755.27406422733,1755.27406422733,1755.27406422733,1755.27406422733,1755.27406422733,1755.27406422733,1755.27406422733,1755.27406422733,1770.3649498474,1770.3649498474,1770.3649498474,1828.51578642311,1920.66270395503,1920.66270395503,1920.66270395503,1920.66270395503,1920.66270395503,1920.66270395503,1920.66270395503,1986.89131840952,1986.89131840952,1986.89131840952,1986.89131840952,2034.27814904939,2026.06917777829
"21","Boston University Quidditch",2014,1719.26699477054,1709.56105923566,14634.7281068788,1748.13011589704,1748.13011589704,1748.13011589704,1828.73132549289,1828.73132549289,1863.74588917134,1863.74588917134,1863.74588917134,1891.10708283888,1824.03337500269,1824.03337500269,1824.03337500269,1824.03337500269,1824.03337500269,1824.03337500269,1824.03337500269,1824.03337500269,1824.03337500269,1824.03337500269,1824.03337500269,1824.03337500269,1824.03337500269,1824.03337500269,1824.03337500269,1824.03337500269,1824.03337500269,1824.03337500269,1824.03337500269,1824.03337500269,1824.03337500269,1824.03337500269,1842.38117906636,1842.38117906636,1719.26699477054,1719.26699477054
"22","Lock Haven University Quidditch",2014,1383.41597787095,1560.1563487137,9442.03039643773,1560.1563487137,1554.4465292612,1554.4465292612,1432.38294597252,1432.38294597252,1601.31547382254,1601.31547382254,1601.31547382254,1601.31547382254,1601.31547382254,1601.31547382254,1601.31547382254,1601.31547382254,1601.31547382254,1572.89164467395,1493.12152540638,1493.12152540638,1493.12152540638,1493.12152540638,1493.12152540638,1493.12152540638,1493.12152540638,1493.12152540638,1493.12152540638,1493.12152540638,1493.12152540638,1493.12152540638,1422.59174228834,1422.59174228834,1422.59174228834,1422.59174228834,1383.41597787095,1383.41597787095,1383.41597787095,1383.41597787095
"23","The Warriors",2015,1876.70130810801,1748.67489424074,11963.4187371365,1748.67489424074,1861.10276416642,1861.10276416642,1861.10276416642,1861.10276416642,1888.28881739987,1888.28881739987,1888.28881739987,1888.28881739987,1888.28881739987,1888.28881739987,1888.28881739987,1888.28881739987,1888.28881739987,1875.01759293179,1950.74268219649,1950.74268219649,1950.74268219649,1950.74268219649,1906.35785102704,1906.35785102704,1906.35785102704,1906.35785102704,1906.35785102704,1906.35785102704,1906.35785102704,1906.35785102704,1906.35785102704,1906.35785102704,1906.35785102704,1906.35785102704,1906.35785102704,1906.35785102704,1949.52385471953,1876.70130810801
"24","Philadelphia Honey Badgers",2014,1537.42147560683,1575.86795514102,8722.83236989361,1575.86795514102,1619.35020236678,1619.35020236678,1634.05853794997,1634.05853794997,1658.54378624254,1658.54378624254,1658.54378624254,1658.54378624254,1658.54378624254,1658.54378624254,1658.54378624254,1658.54378624254,1658.54378624254,1673.33341505437,1590.13847727281,1590.13847727281,1590.13847727281,1590.13847727281,1590.13847727281,1590.13847727281,1590.13847727281,1590.13847727281,1590.13847727281,1590.13847727281,1590.13847727281,1590.13847727281,1593.21629136275,1593.21629136275,1593.21629136275,1593.21629136275,1580.02471671594,1537.42147560683,1537.42147560683,1537.42147560683
"25","Stockton University Ospreys",2016,1220.83687122727,1217.79169602678,8230.10054843707,1217.79169602678,1177.14703038026,1177.14703038026,1127.98779188777,1127.98779188777,1127.98779188777,1127.98779188777,1127.98779188777,1127.98779188777,1127.98779188777,1127.98779188777,1127.98779188777,1127.98779188777,1127.98779188777,1083.322802908,1083.322802908,1083.322802908,1083.322802908,1083.322802908,1083.322802908,1083.322802908,1083.322802908,1083.322802908,1083.322802908,1083.322802908,1083.322802908,1083.322802908,1072.61871691556,1072.61871691556,1072.61871691556,1072.61871691556,1220.83687122727,1220.83687122727,1220.83687122727,1220.83687122727
"26","Villanova Community Quidditch",2014,1344.38700669825,1491.39812889808,10010.7272659261,1491.39812889808,1381.84249684566,1381.84249684566,1381.84249684566,1381.84249684566,1381.84249684566,1381.84249684566,1381.84249684566,1381.84249684566,1381.84249684566,1381.84249684566,1381.84249684566,1381.84249684566,1381.84249684566,1353.15695379994,1344.38700669825,1344.38700669825,1344.38700669825,1344.38700669825,1344.38700669825,1344.38700669825,1344.38700669825,1344.38700669825,1344.38700669825,1344.38700669825,1344.38700669825,1344.38700669825,1344.38700669825,1344.38700669825,1344.38700669825,1344.38700669825,1344.38700669825,1344.38700669825,1344.38700669825,1344.38700669825
"27","Syracuse Snare Quidditch Club",2017,1271.89840329696,1500,11113.8564761446,1500,1409.15241624884,1409.15241624884,1389.23205951808,1389.23205951808,1389.23205951808,1389.23205951808,1389.23205951808,1472.76096535856,1409.90991753131,1409.90991753131,1409.90991753131,1409.90991753131,1409.90991753131,1409.90991753131,1409.90991753131,1409.90991753131,1409.90991753131,1409.90991753131,1409.90991753131,1409.90991753131,1409.90991753131,1409.90991753131,1409.90991753131,1409.90991753131,1409.90991753131,1409.90991753131,1409.90991753131,1409.90991753131,1409.90991753131,1409.90991753131,1275.90470729062,1271.89840329696,1271.89840329696,1271.89840329696
"28","SUNY Geneseo",2014,1371.01392311257,1426.87453328235,9932.16131359058,1426.87453328235,1366.10459387671,1366.10459387671,1366.10459387671,1366.10459387671,1366.10459387671,1366.10459387671,1366.10459387671,1361.76727611587,1371.01392311257,1371.01392311257,1371.01392311257,1371.01392311257,1371.01392311257,1371.01392311257,1371.01392311257,1371.01392311257,1371.01392311257,1371.01392311257,1371.01392311257,1371.01392311257,1371.01392311257,1371.01392311257,1371.01392311257,1371.01392311257,1371.01392311257,1371.01392311257,1371.01392311257,1371.01392311257,1371.01392311257,1371.01392311257,1371.01392311257,1371.01392311257,1371.01392311257,1371.01392311257
"29","University of Rochester Thestrals",2014,1763.02634289429,1517.99910178092,12254.7211400492,1517.99910178092,1578.76904118656,1578.76904118656,1578.76904118656,1578.76904118656,1690.29567624092,1690.29567624092,1690.29567624092,1800.67710663887,1784.33008063437,1784.33008063437,1784.33008063437,1784.33008063437,1784.33008063437,1784.33008063437,1784.33008063437,1784.33008063437,1784.33008063437,1784.33008063437,1784.33008063437,1784.33008063437,1784.33008063437,1784.33008063437,1784.33008063437,1784.33008063437,1673.02758102213,1673.02758102213,1673.02758102213,1673.02758102213,1673.02758102213,1673.02758102213,1673.02758102213,1673.02758102213,1773.9865689004,1763.02634289429
"30","TC FROST",2014,1730.91489347314,1403.04848551429,11381.1495306164,1403.04848551429,1403.04848551429,1523.86438708457,1523.86438708457,1523.86438708457,1523.86438708457,1595.7605082285,1645.78124265474,1645.78124265474,1645.78124265474,1645.78124265474,1645.78124265474,1678.52665860914,1587.3182801963,1587.3182801963,1587.3182801963,1587.3182801963,1587.3182801963,1587.3182801963,1587.3182801963,1587.3182801963,1587.3182801963,1587.3182801963,1587.3182801963,1587.3182801963,1622.36804849046,1622.36804849046,1690.98248924314,1690.98248924314,1690.98248924314,1690.98248924314,1745.57950070769,1730.91489347314,1730.91489347314,1730.91489347314
"31","Loyola University Chicago",2014,1069.00781520432,1159.75921415558,10060.8008633514,1159.75921415558,1159.75921415558,1149.28153471406,1127.14806723608,1127.14806723608,1127.14806723608,1125.23667727642,1115.67253666343,1115.67253666343,1115.67253666343,1115.67253666343,1115.67253666343,1069.00781520432,1069.00781520432,1069.00781520432,1069.00781520432,1069.00781520432,1069.00781520432,1069.00781520432,1069.00781520432,1069.00781520432,1069.00781520432,1069.00781520432,1069.00781520432,1069.00781520432,1069.00781520432,1069.00781520432,1069.00781520432,1069.00781520432,1069.00781520432,1069.00781520432,1069.00781520432,1069.00781520432,1069.00781520432,1069.00781520432
"32","Minnesota Quidditch",2014,1752.97949020111,1612.23076684932,11023.5769788146,1612.23076684932,1612.23076684932,1633.99024852521,1633.99024852521,1633.99024852521,1655.82425662883,1655.82425662883,1655.82425662883,1655.82425662883,1655.82425662883,1655.82425662883,1655.82425662883,1642.53640082631,1742.81575942159,1742.81575942159,1742.81575942159,1742.81575942159,1742.81575942159,1742.81575942159,1742.81575942159,1742.81575942159,1742.81575942159,1742.81575942159,1742.81575942159,1742.81575942159,1742.81575942159,1742.81575942159,1785.14662026795,1785.14662026795,1785.14662026795,1785.14662026795,1785.14662026795,1785.14662026795,1752.97949020111,1752.97949020111
"33","Creighton Quidditch",2017,1312.04632022389,1500,10700.3737787983,1500,1500,1343.8379989161,1343.8379989161,1343.8379989161,1337.54672234979,1337.54672234979,1337.54672234979,1337.54672234979,1337.54672234979,1337.54672234979,1337.54672234979,1316.33427063496,1312.04632022389,1312.04632022389,1312.04632022389,1312.04632022389,1312.04632022389,1312.04632022389,1312.04632022389,1312.04632022389,1312.04632022389,1312.04632022389,1312.04632022389,1312.04632022389,1312.04632022389,1312.04632022389,1312.04632022389,1312.04632022389,1312.04632022389,1312.04632022389,1312.04632022389,1312.04632022389,1312.04632022389,1312.04632022389
"34","University of Dayton Quidditch",2017,1405.51292618825,1500,10517.0168661593,1500,1500,1493.61461731267,1493.61461731267,1493.61461731267,1493.61461731267,1493.61461731267,1493.61461731267,1493.61461731267,1493.61461731267,1502.4309808799,1439.5422177883,1439.5422177883,1439.5422177883,1439.5422177883,1439.5422177883,1439.5422177883,1439.5422177883,1439.5422177883,1439.5422177883,1439.5422177883,1439.5422177883,1439.5422177883,1439.5422177883,1439.5422177883,1405.51292618825,1405.51292618825,1405.51292618825,1405.51292618825,1405.51292618825,1405.51292618825,1405.51292618825,1405.51292618825,1405.51292618825,1405.51292618825
"35","Toledo Quidditch",2016,1279.54195108133,1326.79246311216,11273.0459542992,1326.79246311216,1326.79246311216,1336.06547669362,1290.51109319036,1290.51109319036,1290.51109319036,1290.51109319036,1290.51109319036,1290.51109319036,1290.51109319036,1237.80181561332,1279.54195108133,1279.54195108133,1279.54195108133,1279.54195108133,1279.54195108133,1279.54195108133,1279.54195108133,1279.54195108133,1279.54195108133,1279.54195108133,1279.54195108133,1279.54195108133,1279.54195108133,1279.54195108133,1279.54195108133,1279.54195108133,1279.54195108133,1279.54195108133,1279.54195108133,1279.54195108133,1279.54195108133,1279.54195108133,1279.54195108133,1279.54195108133
"36","Michigan State Quidditch",2014,1302.8902896456,1534.56113997401,11963.0334437354,1534.56113997401,1534.56113997401,1497.79890309816,1497.79890309816,1497.79890309816,1472.7567483847,1472.7567483847,1472.7567483847,1472.7567483847,1472.7567483847,1375.5999075174,1341.2227060012,1341.2227060012,1341.2227060012,1341.2227060012,1341.2227060012,1341.2227060012,1341.2227060012,1250.47555864057,1250.47555864057,1250.47555864057,1250.47555864057,1250.47555864057,1250.47555864057,1250.47555864057,1250.47555864057,1250.47555864057,1250.47555864057,1250.47555864057,1250.47555864057,1250.47555864057,1250.47555864057,1302.8902896456,1302.8902896456,1302.8902896456
"37","Falcon Warriors Quidditch Club",2014,1220.95199395255,1387.02136840068,10377.7915802256,1387.02136840068,1387.02136840068,1393.83930828307,1345.25301237175,1345.25301237175,1345.25301237175,1345.25301237175,1345.25301237175,1345.25301237175,1345.25301237175,1347.23723905092,1234.33214668731,1234.33214668731,1234.33214668731,1234.33214668731,1234.33214668731,1234.33214668731,1234.33214668731,1234.33214668731,1234.33214668731,1234.33214668731,1234.33214668731,1234.33214668731,1234.33214668731,1234.33214668731,1220.95199395255,1220.95199395255,1220.95199395255,1220.95199395255,1220.95199395255,1220.95199395255,1220.95199395255,1220.95199395255,1220.95199395255,1220.95199395255
"38","Quidditch Club at the University of Tennessee Knoxville",2017,1228.846254394,1500,11147.748269578,1500,1500,1246.78861580021,1246.78861580021,1246.78861580021,1246.78861580021,1246.78861580021,1246.78861580021,1246.78861580021,1246.78861580021,1246.78861580021,1246.78861580021,1246.78861580021,1246.78861580021,1234.19996738942,1234.19996738942,1234.19996738942,1234.19996738942,1234.19996738942,1234.19996738942,1234.19996738942,1238.63869661977,1228.846254394,1228.846254394,1228.846254394,1228.846254394,1228.846254394,1228.846254394,1228.846254394,1228.846254394,1228.846254394,1228.846254394,1228.846254394,1228.846254394,1228.846254394
"39","RPI Quidditch",2014,2039.06861784639,1847.3200439046,10254.0739097663,1847.3200439046,1847.3200439046,1847.3200439046,1667.75378355308,1667.75378355308,1667.75378355308,1667.75378355308,1667.75378355308,1778.49029518512,1823.33169571056,1823.33169571056,1823.33169571056,1823.33169571056,1823.33169571056,1823.33169571056,1823.33169571056,1823.33169571056,1823.33169571056,1823.33169571056,1823.33169571056,1823.33169571056,1823.33169571056,1823.33169571056,1823.33169571056,1823.33169571056,1823.33169571056,1823.33169571056,1823.33169571056,1823.33169571056,1823.33169571056,1823.33169571056,1941.65284894231,1941.65284894231,2046.45203719499,2039.06861784639
"40","Quidditch Club Boston",2014,2240.55249167519,2130.30968026554,13356.8784283556,2130.30968026554,2130.30968026554,2140.3181315781,2163.48287167426,2163.48287167426,2206.70548440024,2206.70548440024,2206.70548440024,2215.88973245593,2260.83068253387,2260.83068253387,2260.83068253387,2260.83068253387,2260.83068253387,2260.83068253387,2260.83068253387,2260.83068253387,2260.83068253387,2260.83068253387,2260.83068253387,2260.83068253387,2260.83068253387,2260.83068253387,2260.83068253387,2260.83068253387,2260.83068253387,2260.83068253387,2260.83068253387,2260.83068253387,2260.83068253387,2260.83068253387,2260.83068253387,2260.83068253387,2274.32240600062,2240.55249167519
"41","Richmond Quidditch",2014,1584.92010078282,1506.92847420754,13801.8950095463,1506.92847420754,1506.92847420754,1602.77477459973,1602.77477459973,1602.77477459973,1568.83060717609,1568.83060717609,1568.83060717609,1590.44089650193,1590.44089650193,1590.44089650193,1590.44089650193,1590.44089650193,1590.44089650193,1566.23870887335,1551.34529764401,1551.34529764401,1551.34529764401,1551.34529764401,1551.34529764401,1551.34529764401,1551.34529764401,1551.34529764401,1551.34529764401,1551.34529764401,1563.08507244415,1563.08507244415,1563.08507244415,1563.08507244415,1563.08507244415,1570.17122847184,1584.92010078282,1584.92010078282,1584.92010078282,1584.92010078282
"42","The University of North Carolina at Chapel Hill Quidditch",2014,1812.23185559104,1832.48945807237,10531.5841155795,1832.48945807237,1832.48945807237,1794.15387063903,1794.15387063903,1794.15387063903,1794.15387063903,1794.15387063903,1794.15387063903,1815.04732031273,1815.04732031273,1815.04732031273,1815.04732031273,1815.04732031273,1815.04732031273,1877.4040810722,1842.37627116238,1842.37627116238,1842.37627116238,1878.83082868646,1878.83082868646,1878.83082868646,1878.83082868646,1878.83082868646,1878.83082868646,1878.83082868646,1778.37155232806,1778.37155232806,1901.7075719764,1901.7075719764,1901.7075719764,1901.7075719764,1901.7075719764,1901.7075719764,1812.23185559104,1812.23185559104
"43","Wizengamot Quidditch at VCU",2014,1348.471419013,1415.92946665865,7725.21027040507,1415.92946665865,1415.92946665865,1358.4187536998,1361.15892997418,1361.15892997418,1361.15892997418,1361.15892997418,1361.15892997418,1358.75051273525,1358.75051273525,1358.75051273525,1358.75051273525,1358.75051273525,1358.75051273525,1357.53639833383,1408.71012355985,1408.71012355985,1408.71012355985,1408.71012355985,1408.71012355985,1408.71012355985,1408.71012355985,1408.71012355985,1408.71012355985,1408.71012355985,1348.471419013,1348.471419013,1348.471419013,1348.471419013,1348.471419013,1348.471419013,1348.471419013,1348.471419013,1348.471419013,1348.471419013
"44","Carolina Heat Quidditch Club",2017,1707.9231471713,1500,9491.01377299989,1445.94002833793,1445.94002833793,1581.83562883331,1581.83562883331,1581.83562883331,1551.36194351246,1551.36194351246,1551.36194351246,1551.36194351246,1551.36194351246,1551.36194351246,1551.36194351246,1551.36194351246,1551.36194351246,1551.36194351246,1551.36194351246,1551.36194351246,1657.46721080274,1657.46721080274,1657.46721080274,1657.46721080274,1744.87508305174,1716.06725503311,1716.06725503311,1716.06725503311,1716.06725503311,1716.06725503311,1716.06725503311,1716.06725503311,1716.06725503311,1791.32312190668,1791.32312190668,1791.32312190668,1707.9231471713,1707.9231471713
"45","Kansas Quidditch",2014,1961.88538734629,1771.31002742288,11672.5728294882,1771.31002742288,1771.31002742288,1771.31002742288,1743.20460096908,1743.20460096908,1720.244740962,1722.15613092165,1749.07843755431,1749.07843755431,1749.07843755431,1749.07843755431,1749.07843755431,1797.54675262636,1823.51902996235,1823.51902996235,1823.51902996235,1823.51902996235,1823.51902996235,1823.51902996235,1823.51902996235,1823.51902996235,1823.51902996235,1823.51902996235,1823.51902996235,1823.51902996235,1837.8433274248,1837.8433274248,1907.27070906419,1907.27070906419,1907.27070906419,1907.27070906419,1907.27070906419,1907.27070906419,1941.43769464003,1961.88538734629
"46","Michigan Quidditch Team",2014,1868.20542135394,1957.17287246019,10252.8376452846,1957.17287246019,1957.17287246019,1957.17287246019,1946.5989306071,1946.5989306071,1946.5989306071,1896.98424755212,1851.84227279047,1851.84227279047,1851.84227279047,1889.89337130796,1853.20766305467,1853.20766305467,1853.20766305467,1853.20766305467,1853.20766305467,1853.20766305467,1853.20766305467,1853.20766305467,1853.20766305467,1853.20766305467,1853.20766305467,1853.20766305467,1853.20766305467,1853.20766305467,1853.20766305467,1853.20766305467,1853.20766305467,1853.20766305467,1881.41763929041,1881.41763929041,1956.23958000484,1956.23958000484,1915.17967094056,1868.20542135394
"47","Appalachian Apparators Quidditch",2014,1608.8011816114,1639.9407601714,9529.89758780928,1639.9407601714,1639.9407601714,1639.9407601714,1665.2846072598,1665.2846072598,1665.2846072598,1665.2846072598,1665.2846072598,1705.24771276828,1705.24771276828,1780.024248856,1780.024248856,1780.024248856,1780.024248856,1801.89927488275,1816.42371744866,1816.42371744866,1816.42371744866,1760.50135544098,1760.50135544098,1760.50135544098,1760.50135544098,1760.50135544098,1760.50135544098,1760.50135544098,1760.50135544098,1760.50135544098,1693.34347436989,1693.34347436989,1693.34347436989,1693.34347436989,1651.22143313029,1651.22143313029,1608.8011816114,1608.8011816114
"48","Grand Valley Quidditch",2014,1455.89387693313,1377.27743557358,12579.5201956184,1377.27743557358,1377.27743557358,1377.27743557358,1359.86181289633,1359.86181289633,1375.58477052235,1375.58477052235,1375.58477052235,1375.58477052235,1375.58477052235,1431.06633134116,1382.36731603741,1382.36731603741,1382.36731603741,1382.36731603741,1382.36731603741,1382.36731603741,1382.36731603741,1415.1038163847,1415.1038163847,1415.1038163847,1415.1038163847,1415.1038163847,1415.1038163847,1415.1038163847,1415.1038163847,1415.1038163847,1415.1038163847,1415.1038163847,1498.70877522675,1498.70877522675,1474.46624738523,1455.89387693313,1455.89387693313,1455.89387693313
"49","Harvard Horntails",2014,1493.55245675888,1453.71769979604,9730.11228524957,1453.71769979604,1453.71769979604,1443.70924848348,1442.19936668708,1442.19936668708,1442.19936668708,1442.19936668708,1442.19936668708,1465.24747107104,1451.66718799953,1451.66718799953,1451.66718799953,1451.66718799953,1451.66718799953,1451.66718799953,1451.66718799953,1451.66718799953,1451.66718799953,1451.66718799953,1451.66718799953,1451.66718799953,1451.66718799953,1451.66718799953,1451.66718799953,1451.66718799953,1451.66718799953,1451.66718799953,1451.66718799953,1451.66718799953,1451.66718799953,1451.66718799953,1550.65613449864,1493.55245675888,1493.55245675888,1493.55245675888
"50","Emerson Community Quidditch",2017,1461.67724461809,1500,8895.17286714683,1500,1500,1451.51436396843,1482.52881119114,1482.52881119114,1526.00279443461,1526.00279443461,1526.00279443461,1582.8600981868,1474.6976802299,1474.6976802299,1474.6976802299,1474.6976802299,1474.6976802299,1474.6976802299,1474.6976802299,1474.6976802299,1474.6976802299,1474.6976802299,1474.6976802299,1474.6976802299,1474.6976802299,1474.6976802299,1474.6976802299,1474.6976802299,1474.6976802299,1474.6976802299,1474.6976802299,1474.6976802299,1474.6976802299,1461.67724461809,1461.67724461809,1461.67724461809,1461.67724461809,1461.67724461809
"51","Virginia Quidditch Club",2014,1679.57622198104,1652.92511705961,12210.8814601035,1652.92511705961,1652.92511705961,1652.92511705961,1502.70111464707,1502.70111464707,1502.70111464707,1502.70111464707,1502.70111464707,1510.82586992794,1510.82586992794,1510.82586992794,1510.82586992794,1510.82586992794,1510.82586992794,1670.41705998947,1694.79913746549,1694.79913746549,1694.79913746549,1694.79913746549,1694.79913746549,1694.79913746549,1694.79913746549,1694.79913746549,1694.79913746549,1694.79913746549,1746.49323702841,1746.49323702841,1746.49323702841,1746.49323702841,1746.49323702841,1801.3000831838,1801.3000831838,1801.3000831838,1679.57622198104,1679.57622198104
"52","New York Quidditch Club",2014,1561.61605793431,1670.10940593695,10052.8822204829,1670.10940593695,1670.10940593695,1670.10940593695,1655.16702020912,1655.16702020912,1593.78606150918,1593.78606150918,1593.78606150918,1651.81533292179,1718.82042629917,1718.82042629917,1718.82042629917,1718.82042629917,1718.82042629917,1718.82042629917,1718.82042629917,1718.82042629917,1718.82042629917,1718.82042629917,1718.82042629917,1718.82042629917,1718.82042629917,1718.82042629917,1718.82042629917,1718.82042629917,1718.82042629917,1718.82042629917,1728.73342577069,1728.73342577069,1728.73342577069,1728.73342577069,1691.4226638445,1691.4226638445,1561.61605793431,1561.61605793431
"53","Rutgers University Quidditch",2014,1881.77937731822,1763.90830204859,7922.96894881419,1763.90830204859,1763.90830204859,1763.90830204859,1940.99793120749,1940.99793120749,1843.14873055531,1843.14873055531,1843.14873055531,1843.14873055531,1843.14873055531,1843.14873055531,1843.14873055531,1843.14873055531,1843.14873055531,1914.31403165685,1874.00338332392,1874.00338332392,1874.00338332392,1874.00338332392,1874.00338332392,1874.00338332392,1874.00338332392,1874.00338332392,1874.00338332392,1874.00338332392,1874.00338332392,1874.00338332392,1874.00338332392,1874.00338332392,1874.00338332392,1874.00338332392,1855.8657097967,1855.8657097967,1892.03562054828,1881.77937731822
"54","University of Arizona Quidditch",2014,1323.90687167687,1258.90084290623,13541.5196990459,1258.90084290623,1258.90084290623,1258.90084290623,1304.21111958647,1304.21111958647,1304.21111958647,1304.21111958647,1304.21111958647,1304.21111958647,1304.21111958647,1321.02956961397,1321.02956961397,1321.02956961397,1321.02956961397,1321.02956961397,1321.02956961397,1321.02956961397,1321.02956961397,1321.02956961397,1321.02956961397,1321.02956961397,1321.02956961397,1321.02956961397,1321.02956961397,1321.02956961397,1347.63056320126,1323.90687167687,1323.90687167687,1323.90687167687,1323.90687167687,1323.90687167687,1323.90687167687,1323.90687167687,1323.90687167687,1323.90687167687
"55","Arizona Jackalopes",2017,1406.67583694784,1500,15862.4670015427,1500,1500,1500,1412.10872497462,1412.10872497462,1412.10872497462,1412.10872497462,1412.10872497462,1412.10872497462,1412.10872497462,1442.0424546857,1442.0424546857,1442.0424546857,1442.0424546857,1442.0424546857,1442.0424546857,1442.0424546857,1442.0424546857,1442.0424546857,1442.0424546857,1442.0424546857,1442.0424546857,1442.0424546857,1442.0424546857,1442.0424546857,1444.0257390345,1406.67583694784,1406.67583694784,1406.67583694784,1406.67583694784,1406.67583694784,1406.67583694784,1406.67583694784,1406.67583694784,1406.67583694784
"56","Sun Devil Quidditch",2016,1074.62889788949,1234.35087492542,7989.32767580954,1234.35087492542,1234.35087492542,1234.35087492542,1150.33024713563,1150.33024713563,1150.33024713563,1150.33024713563,1150.33024713563,1150.33024713563,1150.33024713563,1109.83550635061,1109.83550635061,1109.83550635061,1109.83550635061,1109.83550635061,1109.83550635061,1109.83550635061,1109.83550635061,1109.83550635061,1109.83550635061,1109.83550635061,1109.83550635061,1109.83550635061,1109.83550635061,1109.83550635061,1075.00448307566,1075.00448307566,1075.00448307566,1075.00448307566,1075.00448307566,1074.62889788949,1074.62889788949,1074.62889788949,1074.62889788949,1074.62889788949
"57","District of Columbia Quidditch Club",2015,1983.55644734196,1792.07218445185,10914.8094714313,1792.07218445185,1792.07218445185,1792.07218445185,1782.69690453316,1782.69690453316,1901.15411935146,1901.15411935146,1901.15411935146,1901.93577993672,1901.93577993672,1901.93577993672,1901.93577993672,1901.93577993672,1901.93577993672,1883.65820950948,1903.0003928868,1903.0003928868,1903.0003928868,1903.0003928868,1903.0003928868,1903.0003928868,1903.0003928868,1903.0003928868,1903.0003928868,1903.0003928868,1933.03041520201,1933.03041520201,1892.95668769888,1892.95668769888,1892.95668769888,1908.00055909521,1908.00055909521,1908.00055909521,1936.81345369676,1983.55644734196
"58","Maryland Quidditch",2014,2056.71039017714,1812.7052763387,18168.4505864995,1812.7052763387,1812.7052763387,1812.7052763387,1921.42683899872,1921.42683899872,1895.48673833101,1895.48673833101,1895.48673833101,1934.2278359914,1934.2278359914,1934.2278359914,1934.2278359914,1934.2278359914,1934.2278359914,1989.52281919056,2088.48024051162,2088.48024051162,2088.48024051162,2088.48024051162,2088.48024051162,2088.48024051162,2088.48024051162,2088.48024051162,2088.48024051162,2088.48024051162,2119.84790140656,2119.84790140656,2119.84790140656,2119.84790140656,2119.84790140656,2119.84790140656,2119.84790140656,2119.84790140656,2100.53709583177,2056.71039017714
"59","George Mason Club Quidditch",2015,1687.92275289625,1632.93789613776,13344.5486698063,1632.93789613776,1632.93789613776,1632.93789613776,1717.05579109059,1717.05579109059,1717.05579109059,1717.05579109059,1717.05579109059,1717.05579109059,1717.05579109059,1717.05579109059,1717.05579109059,1717.05579109059,1717.05579109059,1694.32149524359,1626.70174451886,1626.70174451886,1626.70174451886,1626.70174451886,1626.70174451886,1626.70174451886,1626.70174451886,1626.70174451886,1626.70174451886,1626.70174451886,1687.92275289625,1687.92275289625,1687.92275289625,1687.92275289625,1687.92275289625,1687.92275289625,1687.92275289625,1687.92275289625,1687.92275289625,1687.92275289625
"60","Quidditch Club of Pittsburgh",2014,1372.47139883981,1372.28561279539,8665.68528333651,1372.28561279539,1372.28561279539,1372.28561279539,1342.59574502484,1342.59574502484,1341.55436820302,1341.55436820302,1341.55436820302,1341.55436820302,1341.55436820302,1288.90288016758,1372.47139883981,1372.47139883981,1372.47139883981,1372.47139883981,1372.47139883981,1372.47139883981,1372.47139883981,1372.47139883981,1372.47139883981,1372.47139883981,1372.47139883981,1372.47139883981,1372.47139883981,1372.47139883981,1372.47139883981,1372.47139883981,1372.47139883981,1372.47139883981,1372.47139883981,1372.47139883981,1372.47139883981,1372.47139883981,1372.47139883981,1372.47139883981
"61","Indiana University Quidditch",2015,1486.56453892803,1341.87338583592,8073.76307883949,1334.79321189977,1334.79321189977,1334.79321189977,1454.09472696483,1454.09472696483,1454.09472696483,1454.09472696483,1454.09472696483,1454.09472696483,1454.09472696483,1489.24597177432,1566.32956655791,1566.32956655791,1566.32956655791,1566.32956655791,1566.32956655791,1566.32956655791,1566.32956655791,1566.32956655791,1566.32956655791,1566.32956655791,1566.32956655791,1566.32956655791,1566.32956655791,1566.32956655791,1521.96325052014,1521.96325052014,1524.99367662581,1524.99367662581,1524.99367662581,1524.99367662581,1524.99367662581,1524.99367662581,1486.56453892803,1486.56453892803
"62","Mizzou Quidditch",2014,2120.45112077501,1701.17556869018,8901.11735159432,1701.17556869018,1701.17556869018,1701.17556869018,1815.23185355633,1815.23185355633,1828.74469550992,1828.74469550992,1828.74469550992,1828.74469550992,1828.74469550992,1874.21421515048,1874.21421515048,1887.502070953,1933.74980870727,1933.74980870727,1933.74980870727,1933.74980870727,1933.74980870727,1933.74980870727,1933.74980870727,1933.74980870727,1933.74980870727,1933.74980870727,1933.74980870727,1933.74980870727,1971.28495454705,1971.28495454705,1971.28495454705,1971.28495454705,1971.28495454705,1971.28495454705,1971.28495454705,1971.28495454705,2019.38892577584,2120.45112077501
"63","New York Pigeons",2017,1129.58435079104,1500,9324.2999399562,1500,1500,1500,1500,1372.55446969435,1372.55446969435,1372.55446969435,1372.55446969435,1332.04284856517,1332.04284856517,1332.04284856517,1332.04284856517,1332.04284856517,1332.04284856517,1332.04284856517,1332.04284856517,1332.04284856517,1332.04284856517,1332.04284856517,1332.04284856517,1332.04284856517,1332.04284856517,1332.04284856517,1332.04284856517,1332.04284856517,1332.04284856517,1332.04284856517,1300.23563297577,1300.23563297577,1300.23563297577,1300.23563297577,1129.58435079104,1129.58435079104,1129.58435079104,1129.58435079104
"64","New York Badassilisks",2014,1037.0580339708,1251.22816313618,10088.8097677656,1251.22816313618,1251.22816313618,1251.22816313618,1251.22816313618,1157.20012731945,1081.01923718617,1081.01923718617,1081.01923718617,1033.14791303481,1033.14791303481,1033.14791303481,1033.14791303481,1033.14791303481,1033.14791303481,1033.14791303481,1033.14791303481,1033.14791303481,1033.14791303481,1033.14791303481,1033.14791303481,1033.14791303481,1033.14791303481,1033.14791303481,1033.14791303481,1033.14791303481,1033.14791303481,1033.14791303481,1037.0580339708,1037.0580339708,1037.0580339708,1037.0580339708,1037.0580339708,1037.0580339708,1037.0580339708,1037.0580339708
"65","Stony Brook Quidditch",2014,1215.65302005807,1516.86807866669,13293.7368250594,1516.86807866669,1516.86807866669,1516.86807866669,1516.86807866669,1389.35232521821,1389.35232521821,1389.35232521821,1389.35232521821,1265.73179049206,1240.20052518434,1240.20052518434,1240.20052518434,1240.20052518434,1240.20052518434,1240.20052518434,1240.20052518434,1240.20052518434,1240.20052518434,1240.20052518434,1240.20052518434,1240.20052518434,1240.20052518434,1240.20052518434,1240.20052518434,1240.20052518434,1240.20052518434,1240.20052518434,1265.33347287372,1265.33347287372,1265.33347287372,1265.33347287372,1215.65302005807,1215.65302005807,1215.65302005807,1215.65302005807
"66","Skidmore Quidditch",2014,1247.18178862779,1393.44755201419,12435.147927919,1393.44755201419,1393.44755201419,1393.44755201419,1393.44755201419,1419.990675791,1419.990675791,1419.990675791,1419.990675791,1356.97190043433,1247.18178862779,1247.18178862779,1247.18178862779,1247.18178862779,1247.18178862779,1247.18178862779,1247.18178862779,1247.18178862779,1247.18178862779,1247.18178862779,1247.18178862779,1247.18178862779,1247.18178862779,1247.18178862779,1247.18178862779,1247.18178862779,1247.18178862779,1247.18178862779,1247.18178862779,1247.18178862779,1247.18178862779,1247.18178862779,1247.18178862779,1247.18178862779,1247.18178862779,1247.18178862779
"67","Macaulay Honors College Marauders",2014,1541.87438440184,1386.14050906087,10647.5837487392,1386.14050906087,1386.14050906087,1386.14050906087,1386.14050906087,1508.10724939965,1508.10724939965,1508.10724939965,1508.10724939965,1565.38562511934,1494.12974959776,1494.12974959776,1494.12974959776,1494.12974959776,1494.12974959776,1494.12974959776,1494.12974959776,1494.12974959776,1494.12974959776,1494.12974959776,1494.12974959776,1494.12974959776,1494.12974959776,1494.12974959776,1494.12974959776,1494.12974959776,1494.12974959776,1494.12974959776,1572.2858046183,1572.2858046183,1572.2858046183,1572.2858046183,1620.31530156483,1620.31530156483,1541.87438440184,1541.87438440184
"68","Texas Quidditch",2014,2047.77469240885,1947.34345373257,12045.1028797728,1947.34345373257,1947.34345373257,1947.34345373257,1947.34345373257,1947.34345373257,1901.89549795107,1901.89549795107,1901.89549795107,1901.89549795107,1979.66950530761,1979.66950530761,1979.66950530761,1979.66950530761,1979.66950530761,1979.66950530761,1979.66950530761,1950.7080364207,1950.7080364207,1950.7080364207,1984.20652087842,1984.20652087842,1984.20652087842,1984.20652087842,2002.80303653195,1945.60309994178,1945.60309994178,1945.60309994178,1945.60309994178,1945.60309994178,1945.60309994178,1945.60309994178,1945.60309994178,1945.60309994178,2044.51252111113,2047.77469240885
"69","Lone Star Quidditch Club",2014,2164.1727766956,2050.0597411667,14057.7847866228,2050.0597411667,2050.0597411667,2050.0597411667,2050.0597411667,2050.0597411667,1911.77849320567,1911.77849320567,1911.77849320567,1911.77849320567,1834.00448584913,1834.00448584913,1834.00448584913,1834.00448584913,1834.00448584913,1834.00448584913,1834.00448584913,1830.32703756174,1830.32703756174,1830.32703756174,1994.41807988627,1994.41807988627,1994.41807988627,1994.41807988627,2017.52963994897,2155.97745179582,2155.97745179582,2155.97745179582,2155.97745179582,2155.97745179582,2155.97745179582,2155.97745179582,2155.97745179582,2155.97745179582,2200.48338815758,2164.1727766956
"70","SHSU Quidditch",2014,1532.19895256179,1698.87601491239,9902.75834824122,1698.87601491239,1698.87601491239,1698.87601491239,1698.87601491239,1698.87601491239,1705.2855053475,1705.2855053475,1705.2855053475,1705.2855053475,1705.2855053475,1666.01428248946,1666.01428248946,1666.01428248946,1666.01428248946,1666.01428248946,1666.01428248946,1666.01428248946,1666.01428248946,1737.85035817376,1540.58580369182,1540.58580369182,1540.58580369182,1540.58580369182,1529.51425533615,1518.46974421164,1518.46974421164,1518.46974421164,1518.46974421164,1518.46974421164,1518.46974421164,1518.46974421164,1518.46974421164,1518.46974421164,1532.19895256179,1532.19895256179
"71","The Silver Phoenix",2014,1649.12886628067,1433.99338662006,10785.8083056134,1433.99338662006,1433.99338662006,1433.99338662006,1433.99338662006,1433.99338662006,1425.52523741622,1425.52523741622,1425.52523741622,1425.52523741622,1425.52523741622,1425.52523741622,1425.52523741622,1425.52523741622,1425.52523741622,1425.52523741622,1425.52523741622,1425.52523741622,1425.52523741622,1425.52523741622,1628.52814250332,1650.35991448511,1650.35991448511,1650.35991448511,1650.90085204973,1609.92607242138,1609.92607242138,1609.92607242138,1609.92607242138,1609.92607242138,1609.92607242138,1609.92607242138,1609.92607242138,1609.92607242138,1667.09997335112,1649.12886628067
"72","Texas Cavalry",2016,2336.72445775414,1849.58711925752,12710.5234399205,1849.58711925752,1849.58711925752,1849.58711925752,1849.58711925752,1849.58711925752,2064.18516323492,2064.18516323492,2064.18516323492,2064.18516323492,2064.18516323492,2064.18516323492,2064.18516323492,2064.18516323492,2064.18516323492,2064.18516323492,2064.18516323492,2133.60530846332,2133.60530846332,2146.42878411723,2218.17718669046,2218.17718669046,2218.17718669046,2218.17718669046,2226.26826250564,2195.3779145102,2195.3779145102,2195.3779145102,2195.3779145102,2195.3779145102,2195.3779145102,2195.3779145102,2195.3779145102,2195.3779145102,2245.6206220601,2336.72445775414
"73","Texas State University - San Marcos",2014,2173.56468059746,1901.52889369407,16114.7995829544,1901.52889369407,1901.52889369407,1901.52889369407,1901.52889369407,1901.52889369407,1956.88675332267,1956.88675332267,1956.88675332267,1956.88675332267,1956.88675332267,1967.13856930653,1967.13856930653,1967.13856930653,1967.13856930653,1967.13856930653,1967.13856930653,1883.58305781001,1883.58305781001,1883.58305781001,1934.82455148095,2025.4933413351,2025.4933413351,2025.4933413351,2053.85222312296,2080.90611499292,2080.90611499292,2080.90611499292,2080.90611499292,2080.90611499292,2080.90611499292,2080.90611499292,2080.90611499292,2080.90611499292,2112.32749775632,2173.56468059746
"74","Tribe",2015,1435.4190727531,1411.88350466968,8979.53597294121,1411.88350466968,1411.88350466968,1411.88350466968,1411.88350466968,1411.88350466968,1342.8146354163,1342.8146354163,1342.8146354163,1342.8146354163,1342.8146354163,1282.20730604153,1282.20730604153,1282.20730604153,1282.20730604153,1282.20730604153,1282.20730604153,1282.20730604153,1282.20730604153,1280.98041992181,1280.98041992181,1280.98041992181,1280.98041992181,1280.98041992181,1281.12055521522,1460.35490933241,1460.35490933241,1460.35490933241,1460.35490933241,1460.35490933241,1460.35490933241,1460.35490933241,1460.35490933241,1460.35490933241,1435.4190727531,1435.4190727531
"75","DeathRow Quidditch Team",2016,1130.99468171014,1251.4874670754,9473.78658346257,1251.4874670754,1251.4874670754,1251.4874670754,1251.4874670754,1251.4874670754,1206.56294996589,1206.56294996589,1206.56294996589,1206.56294996589,1206.56294996589,1202.91689902379,1202.91689902379,1202.91689902379,1202.91689902379,1202.91689902379,1202.91689902379,1202.91689902379,1202.91689902379,1202.91689902379,1140.34156259604,1140.34156259604,1140.34156259604,1140.34156259604,1098.38366753141,1070.97695084783,1070.97695084783,1070.97695084783,1070.97695084783,1070.97695084783,1070.97695084783,1070.97695084783,982.429911458359,1130.99468171014,1130.99468171014,1130.99468171014
"76","Flying Panthers Quidditch Club",2017,1461.20972945281,1500,9408.96859865961,1500,1500,1500,1500,1500,1555.17550978504,1555.17550978504,1555.17550978504,1555.17550978504,1555.17550978504,1589.40860411189,1589.40860411189,1589.40860411189,1589.40860411189,1589.40860411189,1589.40860411189,1589.40860411189,1589.40860411189,1568.16143310993,1568.16143310993,1568.16143310993,1522.58992811413,1482.58888197737,1482.58888197737,1482.58888197737,1482.58888197737,1482.58888197737,1482.58888197737,1482.58888197737,1461.20972945281,1461.20972945281,1461.20972945281,1461.20972945281,1461.20972945281,1461.20972945281
"77","Nearly Headless Knights Quidditch",2016,1203.76512569043,1294.00121955109,8470.24747091651,1255.553293847,1255.553293847,1255.553293847,1255.553293847,1255.553293847,1271.9545941967,1271.9545941967,1271.9545941967,1271.9545941967,1271.9545941967,1271.9545941967,1271.9545941967,1271.9545941967,1271.9545941967,1271.9545941967,1271.9545941967,1271.9545941967,1271.9545941967,1267.8154933681,1267.8154933681,1267.8154933681,1207.30092380025,1203.76512569043,1203.76512569043,1203.76512569043,1203.76512569043,1203.76512569043,1203.76512569043,1203.76512569043,1203.76512569043,1203.76512569043,1203.76512569043,1203.76512569043,1203.76512569043,1203.76512569043
"78","University of Miami",2014,1729.35359939122,1702.97443312235,11821.5609770914,1702.97443312235,1702.97443312235,1702.97443312235,1702.97443312235,1702.97443312235,1724.03536065195,1724.03536065195,1724.03536065195,1724.03536065195,1724.03536065195,1724.03536065195,1724.03536065195,1724.03536065195,1724.03536065195,1724.03536065195,1724.03536065195,1724.03536065195,1724.03536065195,1728.17446148055,1728.17446148055,1728.17446148055,1688.61521761853,1717.89808909169,1717.89808909169,1717.89808909169,1717.89808909169,1717.89808909169,1717.89808909169,1717.89808909169,1673.04862716177,1673.04862716177,1673.04862716177,1673.04862716177,1692.35683150778,1729.35359939122
"79","University of South Florida Quidditch",2014,1228.63031618178,1439.56008362944,10256.5655018273,1439.56008362944,1439.56008362944,1439.56008362944,1439.56008362944,1439.56008362944,1385.01421106813,1385.01421106813,1385.01421106813,1385.01421106813,1385.01421106813,1280.13554294719,1280.13554294719,1280.13554294719,1280.13554294719,1280.13554294719,1280.13554294719,1280.13554294719,1280.13554294719,1280.13554294719,1280.13554294719,1280.13554294719,1228.63031618178,1228.63031618178,1228.63031618178,1228.63031618178,1228.63031618178,1228.63031618178,1228.63031618178,1228.63031618178,1228.63031618178,1228.63031618178,1228.63031618178,1228.63031618178,1228.63031618178,1228.63031618178
"80","Florida State University",2014,1330.93397242108,1254.96181665457,10203.1649219624,1254.96181665457,1254.96181665457,1254.96181665457,1254.96181665457,1254.96181665457,1321.26662485699,1321.26662485699,1321.26662485699,1321.26662485699,1321.26662485699,1426.14529297792,1426.14529297792,1426.14529297792,1426.14529297792,1426.14529297792,1426.14529297792,1426.14529297792,1426.14529297792,1411.05440735785,1411.05440735785,1411.05440735785,1389.97448454547,1330.93397242108,1330.93397242108,1330.93397242108,1330.93397242108,1330.93397242108,1330.93397242108,1330.93397242108,1330.93397242108,1330.93397242108,1330.93397242108,1330.93397242108,1330.93397242108,1330.93397242108
"81","Gainesville Siege",2017,1672.70497343587,1500,17303.9134261135,1500,1500,1500,1500,1500,1819.93067960151,1819.93067960151,1819.93067960151,1819.93067960151,1819.93067960151,1781.61727239964,1781.61727239964,1781.61727239964,1781.61727239964,1781.61727239964,1781.61727239964,1781.61727239964,1781.61727239964,1730.39134261135,1730.39134261135,1730.39134261135,1742.26005831174,1742.26005831174,1742.26005831174,1742.26005831174,1742.26005831174,1742.26005831174,1742.26005831174,1742.26005831174,1742.26005831174,1742.26005831174,1713.05255241423,1672.70497343587,1672.70497343587,1672.70497343587
"82","Texas Tech Quidditch",2014,1827.37895740249,1635.43613852935,11791.9323641167,1635.43613852935,1635.43613852935,1635.43613852935,1635.43613852935,1635.43613852935,1690.57442138941,1690.57442138941,1690.57442138941,1690.57442138941,1690.57442138941,1690.57442138941,1690.57442138941,1690.57442138941,1690.57442138941,1690.57442138941,1690.57442138941,1570.12105992404,1570.12105992404,1570.12105992404,1570.12105992404,1611.66954769115,1611.66954769115,1611.66954769115,1611.66954769115,1611.66954769115,1611.66954769115,1611.66954769115,1611.66954769115,1611.66954769115,1611.66954769115,1611.66954769115,1701.97053549158,1827.37895740249,1827.37895740249,1827.37895740249
"83","Austin Quidditch",2014,1467.03823959953,1490.83296063802,11623.6811802778,1490.83296063802,1490.83296063802,1490.83296063802,1490.83296063802,1490.83296063802,1415.1497312968,1415.1497312968,1415.1497312968,1415.1497312968,1415.1497312968,1415.1497312968,1415.1497312968,1415.1497312968,1415.1497312968,1415.1497312968,1415.1497312968,1342.58237247801,1342.58237247801,1342.58237247801,1274.40860530738,1274.40860530738,1274.40860530738,1274.40860530738,1239.17936620091,1289.37998979258,1289.37998979258,1289.37998979258,1289.37998979258,1289.37998979258,1289.37998979258,1289.37998979258,1432.94863412534,1467.03823959953,1467.03823959953,1467.03823959953
"84","San Marcos Sharknados",2014,1632.40771638511,1267.52839593335,9755.20873513627,1267.52839593335,1267.52839593335,1267.52839593335,1267.52839593335,1267.52839593335,1282.34971460985,1282.34971460985,1282.34971460985,1282.34971460985,1282.34971460985,1280.26373543948,1280.26373543948,1280.26373543948,1280.26373543948,1280.26373543948,1280.26373543948,1327.86319144429,1327.86319144429,1327.86319144429,1313.66743773617,1268.62119421931,1268.62119421931,1268.62119421931,1321.87362623593,1312.3796967923,1312.3796967923,1312.3796967923,1312.3796967923,1312.3796967923,1312.3796967923,1312.3796967923,1572.33176395072,1632.40771638511,1632.40771638511,1632.40771638511
"85","University of Texas at San Antonio",2014,1699.09026189927,1554.25069377173,14505.0588206411,1554.25069377173,1554.25069377173,1554.25069377173,1554.25069377173,1554.25069377173,1614.78045951439,1614.78045951439,1614.78045951439,1614.78045951439,1614.78045951439,1614.78045951439,1614.78045951439,1614.78045951439,1614.78045951439,1614.78045951439,1614.78045951439,1764.54660693972,1764.54660693972,1764.54660693972,1784.70322295225,1664.19476984058,1664.19476984058,1664.19476984058,1666.52605473822,1667.90654976512,1667.90654976512,1667.90654976512,1667.90654976512,1667.90654976512,1667.90654976512,1667.90654976512,1667.90654976512,1667.90654976512,1742.0769531557,1699.09026189927
"86","Texas A&M Quidditch",2014,1936.74689036752,1842.0833356729,10552.6724706923,1842.0833356729,1842.0833356729,1842.0833356729,1842.0833356729,1842.0833356729,1847.3221801122,1847.3221801122,1847.3221801122,1847.3221801122,1847.3221801122,1847.3221801122,1847.3221801122,1847.3221801122,1847.3221801122,1847.3221801122,1847.3221801122,1853.79552491693,1853.79552491693,1853.79552491693,1857.0700199535,1782.66397002211,1782.66397002211,1782.66397002211,1856.43946461122,1851.44382039418,1851.44382039418,1851.44382039418,1851.44382039418,1851.44382039418,1851.44382039418,1851.44382039418,1851.44382039418,1851.44382039418,1933.77388503566,1936.74689036752
"87","Lake Erie Elite",2017,1942.45811839469,1500,10325.456811459,1500,1500,1500,1500,1500,1754.67679460249,1754.67679460249,1754.67679460249,1754.67679460249,1754.67679460249,1720.90946857649,1767.29296061741,1767.29296061741,1767.29296061741,1767.29296061741,1767.29296061741,1767.29296061741,1767.29296061741,1791.71730683173,1791.71730683173,1791.71730683173,1791.71730683173,1791.71730683173,1791.71730683173,1791.71730683173,1857.53134636296,1857.53134636296,1871.96608182196,1871.96608182196,1908.44760232904,1908.44760232904,1908.44760232904,1908.44760232904,1911.17023699045,1942.45811839469
"88","Eastern Michigan Quidditch",2014,1147.87874431894,1234.64143955285,9782.28257302007,1234.64143955285,1234.64143955285,1234.64143955285,1234.64143955285,1234.64143955285,1147.87874431894,1147.87874431894,1147.87874431894,1147.87874431894,1147.87874431894,1147.87874431894,1147.87874431894,1147.87874431894,1147.87874431894,1147.87874431894,1147.87874431894,1147.87874431894,1147.87874431894,1147.87874431894,1147.87874431894,1147.87874431894,1147.87874431894,1147.87874431894,1147.87874431894,1147.87874431894,1147.87874431894,1147.87874431894,1147.87874431894,1147.87874431894,1147.87874431894,1147.87874431894,1147.87874431894,1147.87874431894,1147.87874431894,1147.87874431894
"89","Anarchs Quidditch",2017,1429.60686744669,1500,10230.8495772007,1500,1500,1500,1500,1500,1476.19798306027,1476.19798306027,1476.19798306027,1476.19798306027,1476.19798306027,1476.19798306027,1476.19798306027,1461.54993960011,1429.60686744669,1429.60686744669,1429.60686744669,1429.60686744669,1429.60686744669,1429.60686744669,1429.60686744669,1429.60686744669,1429.60686744669,1429.60686744669,1429.60686744669,1429.60686744669,1429.60686744669,1429.60686744669,1429.60686744669,1429.60686744669,1429.60686744669,1429.60686744669,1429.60686744669,1429.60686744669,1429.60686744669,1429.60686744669
"90","University of Arkansas Quidditch Club",2014,1534.50119191391,1549.09819170371,14185.9609491222,1549.09819170371,1549.09819170371,1549.09819170371,1549.09819170371,1549.09819170371,1534.50119191391,1534.50119191391,1534.50119191391,1534.50119191391,1534.50119191391,1534.50119191391,1534.50119191391,1534.50119191391,1534.50119191391,1534.50119191391,1534.50119191391,1534.50119191391,1534.50119191391,1534.50119191391,1534.50119191391,1534.50119191391,1534.50119191391,1534.50119191391,1534.50119191391,1534.50119191391,1534.50119191391,1534.50119191391,1534.50119191391,1534.50119191391,1534.50119191391,1534.50119191391,1534.50119191391,1534.50119191391,1534.50119191391,1534.50119191391
"91","Oklahoma State University",2014,1760.49263033758,1766.18457754603,12688.9793558875,1766.18457754603,1766.18457754603,1766.18457754603,1766.18457754603,1766.18457754603,1841.36911228206,1841.36911228206,1841.36911228206,1841.36911228206,1841.36911228206,1943.14548116627,1943.14548116627,1943.14548116627,1943.14548116627,1943.14548116627,1943.14548116627,1943.14548116627,1943.14548116627,1943.14548116627,1759.50124276935,1759.50124276935,1759.50124276935,1759.50124276935,1792.30602001073,1768.84743952307,1768.84743952307,1768.84743952307,1768.84743952307,1768.84743952307,1768.84743952307,1768.84743952307,1768.84743952307,1768.84743952307,1771.70959182615,1760.49263033758
"92","University of Northern Colorado",2014,1439.38573114954,1421.19586855287,13197.3465282775,1379.76683422729,1379.76683422729,1379.76683422729,1379.76683422729,1379.76683422729,1411.70677216702,1411.70677216702,1411.70677216702,1411.70677216702,1411.70677216702,1411.70677216702,1411.70677216702,1485.94701632046,1396.67904895748,1396.67904895748,1396.67904895748,1396.67904895748,1396.67904895748,1396.67904895748,1396.67904895748,1396.67904895748,1396.67904895748,1396.67904895748,1396.67904895748,1396.67904895748,1396.67904895748,1396.67904895748,1396.67904895748,1396.67904895748,1396.67904895748,1396.67904895748,1383.47479582796,1439.38573114954,1439.38573114954,1439.38573114954
"93","University of Massachusetts Amherst",2014,1212.25215395459,1520.82345528575,9955.47847818791,1520.82345528575,1520.82345528575,1520.82345528575,1520.82345528575,1520.82345528575,1442.33490836383,1442.33490836383,1442.33490836383,1360.85214283819,1334.34114584652,1334.34114584652,1334.34114584652,1334.34114584652,1334.34114584652,1334.34114584652,1334.34114584652,1334.34114584652,1334.34114584652,1334.34114584652,1334.34114584652,1334.34114584652,1334.34114584652,1334.34114584652,1334.34114584652,1334.34114584652,1334.34114584652,1334.34114584652,1334.34114584652,1334.34114584652,1334.34114584652,1334.34114584652,1212.25215395459,1212.25215395459,1212.25215395459,1212.25215395459
"94","Carnegie Mellon Quidditch Club",2014,1089.21539317655,1239.14061926363,10179.6181792369,1209.63132582397,1209.63132582397,1209.63132582397,1209.63132582397,1209.63132582397,1157.04057347346,1157.04057347346,1157.04057347346,1157.04057347346,1157.04057347346,1089.21539317655,1089.21539317655,1089.21539317655,1089.21539317655,1089.21539317655,1089.21539317655,1089.21539317655,1089.21539317655,1089.21539317655,1089.21539317655,1089.21539317655,1089.21539317655,1089.21539317655,1089.21539317655,1089.21539317655,1089.21539317655,1089.21539317655,1089.21539317655,1089.21539317655,1089.21539317655,1089.21539317655,1089.21539317655,1089.21539317655,1089.21539317655,1089.21539317655
"95","West Virginia Mountaineers",2014,1146.18194087923,1143.46452436218,4673.32637635949,1143.46452436218,1143.46452436218,1143.46452436218,1143.46452436218,1143.46452436218,1184.56963817452,1184.56963817452,1184.56963817452,1184.56963817452,1184.56963817452,1184.56963817452,1184.56963817452,1184.56963817452,1184.56963817452,1146.18194087923,1146.18194087923,1146.18194087923,1146.18194087923,1146.18194087923,1146.18194087923,1146.18194087923,1146.18194087923,1146.18194087923,1146.18194087923,1146.18194087923,1146.18194087923,1146.18194087923,1146.18194087923,1146.18194087923,1146.18194087923,1146.18194087923,1146.18194087923,1146.18194087923,1146.18194087923,1146.18194087923
"96","Bosnyan Bearsharks",2017,2047.43280285016,1500,16775.1592975633,1500,1500,1500,1500,1500,1858.40853719982,1858.40853719982,1858.40853719982,1863.90658861815,1898.62698158215,1898.62698158215,1898.62698158215,1898.62698158215,1898.62698158215,1898.62698158215,1898.62698158215,1898.62698158215,1898.62698158215,1898.62698158215,1898.62698158215,1898.62698158215,1898.62698158215,1898.62698158215,1898.62698158215,1898.62698158215,1898.62698158215,1898.62698158215,1898.62698158215,1898.62698158215,1898.62698158215,1911.64741719396,1895.25500590754,1895.25500590754,1927.36096123706,2047.43280285016
"97","Hofstra University Flying Dutchmen",2014,1327.71088735117,1662.15377054981,14019.4861669466,1662.15377054981,1662.15377054981,1662.15377054981,1662.15377054981,1662.15377054981,1463.14684010207,1463.14684010207,1463.14684010207,1401.44260605505,1406.34603357235,1406.34603357235,1406.34603357235,1406.34603357235,1406.34603357235,1406.34603357235,1406.34603357235,1406.34603357235,1406.34603357235,1406.34603357235,1406.34603357235,1406.34603357235,1406.34603357235,1406.34603357235,1406.34603357235,1406.34603357235,1406.34603357235,1406.34603357235,1399.19718106486,1399.19718106486,1399.19718106486,1399.19718106486,1391.89178359372,1327.71088735117,1327.71088735117,1327.71088735117
"98","Tufts University Tufflepuffs",2014,1689.51774685625,1668.56692315481,20559.4778143583,1668.56692315481,1668.56692315481,1668.56692315481,1645.40218305866,1645.40218305866,1711.78878285038,1711.78878285038,1711.78878285038,1672.6454161361,1729.66414596783,1729.66414596783,1729.66414596783,1786.71710050274,1786.71710050274,1786.71710050274,1786.71710050274,1786.71710050274,1786.71710050274,1786.71710050274,1786.71710050274,1786.71710050274,1786.71710050274,1786.71710050274,1786.71710050274,1786.71710050274,1786.71710050274,1786.71710050274,1786.71710050274,1786.71710050274,1786.71710050274,1786.71710050274,1786.71710050274,1786.71710050274,1689.51774685625,1689.51774685625
"99","Brandeis Quidditch",2014,1296.39282522386,1310.98628850047,12197.3240121707,1272.4172318391,1272.4172318391,1272.4172318391,1273.9271136355,1273.9271136355,1273.9271136355,1273.9271136355,1273.9271136355,1275.48910113379,1415.4488314542,1415.4488314542,1415.4488314542,1358.39587691928,1358.39587691928,1358.39587691928,1358.39587691928,1358.39587691928,1358.39587691928,1358.39587691928,1358.39587691928,1358.39587691928,1358.39587691928,1358.39587691928,1358.39587691928,1358.39587691928,1358.39587691928,1358.39587691928,1358.39587691928,1358.39587691928,1358.39587691928,1358.39587691928,1234.36848182867,1296.39282522386,1296.39282522386,1296.39282522386
"100","James Madison University Quidditch",2016,1472.4602515001,1491.97574960839,9801.55202576111,1491.97574960839,1491.97574960839,1491.97574960839,1491.97574960839,1491.97574960839,1354.54087665466,1354.54087665466,1354.54087665466,1354.54087665466,1354.54087665466,1354.54087665466,1354.54087665466,1354.54087665466,1354.54087665466,1344.18239387263,1337.70708808811,1337.70708808811,1337.70708808811,1337.70708808811,1337.70708808811,1337.70708808811,1337.70708808811,1337.70708808811,1337.70708808811,1337.70708808811,1467.47849513186,1467.47849513186,1467.47849513186,1467.47849513186,1467.47849513186,1472.4602515001,1472.4602515001,1472.4602515001,1472.4602515001,1472.4602515001
"101","Lumberjack Quidditch",2016,1371.44185530963,1234.16059125304,10611.5903213335,1234.16059125304,1234.16059125304,1234.16059125304,1234.16059125304,1234.16059125304,1203.94095414389,1203.94095414389,1203.94095414389,1203.94095414389,1203.94095414389,1203.94095414389,1203.94095414389,1203.94095414389,1203.94095414389,1203.94095414389,1203.94095414389,1161.9998597524,1161.9998597524,1161.9998597524,1161.9998597524,1122.16142877534,1122.16142877534,1122.16142877534,1233.49440512968,1181.01561606931,1181.01561606931,1181.01561606931,1181.01561606931,1181.01561606931,1181.01561606931,1181.01561606931,1347.23883991181,1371.44185530963,1371.44185530963,1371.44185530963
"102","Purdue Intercollegiate Quidditch Club",2014,1318.80509546095,1363.32345923416,8799.22124349052,1363.32345923416,1363.32345923416,1363.32345923416,1363.32345923416,1363.32345923416,1363.32345923416,1341.0420211452,1318.80509546095,1318.80509546095,1318.80509546095,1318.80509546095,1318.80509546095,1318.80509546095,1318.80509546095,1318.80509546095,1318.80509546095,1318.80509546095,1318.80509546095,1318.80509546095,1318.80509546095,1318.80509546095,1318.80509546095,1318.80509546095,1318.80509546095,1318.80509546095,1318.80509546095,1318.80509546095,1318.80509546095,1318.80509546095,1318.80509546095,1318.80509546095,1318.80509546095,1318.80509546095,1318.80509546095,1318.80509546095
"103","Chicago United Quidditch Club",2017,1237.37752442162,1500,7769.31118061766,1500,1500,1500,1500,1500,1500,1373.47917659768,1373.47917659768,1373.47917659768,1373.47917659768,1373.47917659768,1373.47917659768,1294.88519676961,1284.81708839557,1284.81708839557,1284.81708839557,1284.81708839557,1284.81708839557,1284.81708839557,1284.81708839557,1284.81708839557,1284.81708839557,1284.81708839557,1284.81708839557,1284.81708839557,1284.81708839557,1284.81708839557,1231.62918447338,1231.62918447338,1231.62918447338,1231.62918447338,1247.74480558392,1237.37752442162,1237.37752442162,1237.37752442162
"104","SIUE Quidditch Club",2017,1318.29510451645,1500,9865.11624939749,1500,1500,1500,1500,1500,1500,1377.36302073563,1403.77307350558,1403.77307350558,1403.77307350558,1403.77307350558,1403.77307350558,1409.3023213425,1371.46107422013,1371.46107422013,1371.46107422013,1371.46107422013,1371.46107422013,1371.46107422013,1371.46107422013,1371.46107422013,1371.46107422013,1371.46107422013,1371.46107422013,1371.46107422013,1371.46107422013,1371.46107422013,1371.46107422013,1371.46107422013,1371.46107422013,1371.46107422013,1349.01022265552,1318.29510451645,1318.29510451645,1318.29510451645
"105","Wisconsin Quidditch",2017,1446.6671135013,1500,5786.66845400518,1500,1500,1500,1500,1500,1500,1473.02460318344,1446.6671135013,1446.6671135013,1446.6671135013,1446.6671135013,1446.6671135013,1446.6671135013,1446.6671135013,1446.6671135013,1446.6671135013,1446.6671135013,1446.6671135013,1446.6671135013,1446.6671135013,1446.6671135013,1446.6671135013,1446.6671135013,1446.6671135013,1446.6671135013,1446.6671135013,1446.6671135013,1446.6671135013,1446.6671135013,1446.6671135013,1446.6671135013,1446.6671135013,1446.6671135013,1446.6671135013,1446.6671135013
"106","Rain City Raptors",2016,1493.49358018334,1607.42101835507,11692.0874577193,1607.42101835507,1607.42101835507,1607.42101835507,1607.42101835507,1607.42101835507,1607.42101835507,1471.90351632722,1471.90351632722,1471.90351632722,1471.90351632722,1471.90351632722,1471.90351632722,1471.90351632722,1471.90351632722,1471.90351632722,1471.90351632722,1490.17056314163,1490.17056314163,1490.17056314163,1467.69974103703,1467.69974103703,1467.69974103703,1467.69974103703,1511.37336769151,1511.37336769151,1511.37336769151,1511.37336769151,1493.49358018334,1493.49358018334,1493.49358018334,1493.49358018334,1493.49358018334,1493.49358018334,1493.49358018334,1493.49358018334
"107","Western Washington Wyverns",2015,1310.68677104415,1340.27902910245,8608.69785065795,1340.27902910245,1340.27902910245,1340.27902910245,1340.27902910245,1340.27902910245,1340.27902910245,1340.62992261201,1340.62992261201,1340.62992261201,1340.62992261201,1340.62992261201,1340.62992261201,1340.62992261201,1340.62992261201,1340.62992261201,1340.62992261201,1340.62992261201,1340.62992261201,1340.62992261201,1458.06574751947,1458.06574751947,1458.06574751947,1458.06574751947,1387.62688005978,1387.62688005978,1387.62688005978,1387.62688005978,1310.68677104415,1310.68677104415,1310.68677104415,1310.68677104415,1310.68677104415,1310.68677104415,1310.68677104415,1310.68677104415
"108","Richmond Ravens",2017,1451.83801176615,1500,9966.80619722384,1500,1500,1500,1661.13436620397,1661.13436620397,1661.13436620397,1661.13436620397,1661.13436620397,1564.03092453448,1564.03092453448,1564.03092453448,1564.03092453448,1564.03092453448,1564.03092453448,1474.59184620477,1555.6085375368,1555.6085375368,1555.6085375368,1555.6085375368,1555.6085375368,1555.6085375368,1555.6085375368,1555.6085375368,1555.6085375368,1555.6085375368,1511.78504505995,1511.78504505995,1511.78504505995,1511.78504505995,1511.78504505995,1429.8664151123,1429.8664151123,1429.8664151123,1451.83801176615,1451.83801176615
"109","Duke University Quidditch",2014,1249.68872432442,1457.48264967188,12902.4688338019,1457.48264967188,1457.48264967188,1457.48264967188,1457.48264967188,1457.48264967188,1457.48264967188,1457.48264967188,1457.48264967188,1426.88015054576,1426.88015054576,1337.46365147412,1337.46365147412,1337.46365147412,1337.46365147412,1265.79313539855,1265.79313539855,1265.79313539855,1265.79313539855,1265.79313539855,1265.79313539855,1265.79313539855,1265.79313539855,1265.79313539855,1265.79313539855,1265.79313539855,1265.79313539855,1265.79313539855,1249.68872432442,1249.68872432442,1249.68872432442,1249.68872432442,1249.68872432442,1249.68872432442,1249.68872432442,1249.68872432442
"110","California Dobbys",2015,1414.60708506625,1455.9843159293,11541.4614420114,1455.9843159293,1455.9843159293,1455.9843159293,1455.9843159293,1455.9843159293,1455.9843159293,1455.9843159293,1455.9843159293,1455.9843159293,1455.9843159293,1480.44609546171,1480.44609546171,1375.68887135137,1375.68887135137,1375.68887135137,1375.68887135137,1390.55167496019,1366.58953971371,1366.58953971371,1366.58953971371,1366.58953971371,1366.58953971371,1366.58953971371,1366.58953971371,1366.58953971371,1445.47394962948,1414.60708506625,1414.60708506625,1414.60708506625,1414.60708506625,1414.60708506625,1414.60708506625,1414.60708506625,1414.60708506625,1414.60708506625
"111","Silicon Valley Vipers",2016,1457.27693687745,1561.03941849199,8800.41903550243,1561.03941849199,1561.03941849199,1561.03941849199,1561.03941849199,1561.03941849199,1561.03941849199,1561.03941849199,1561.03941849199,1561.03941849199,1561.03941849199,1568.86572284018,1568.86572284018,1568.86572284018,1568.86572284018,1568.86572284018,1568.86572284018,1567.10745227186,1567.10745227186,1567.10745227186,1567.10745227186,1497.99856539001,1497.99856539001,1497.99856539001,1497.99856539001,1497.99856539001,1559.89709779312,1457.27693687745,1457.27693687745,1457.27693687745,1457.27693687745,1457.27693687745,1457.27693687745,1457.27693687745,1457.27693687745,1457.27693687745
"112","Cal Quidditch",2014,1800.16983522196,1534.99547040452,9003.31161480378,1534.99547040452,1534.99547040452,1534.99547040452,1534.99547040452,1534.99547040452,1534.99547040452,1534.99547040452,1534.99547040452,1534.99547040452,1534.99547040452,1538.79858055335,1538.79858055335,1611.69360206848,1611.69360206848,1611.69360206848,1611.69360206848,1701.58277437152,1701.58277437152,1701.58277437152,1701.58277437152,1720.92358417107,1720.92358417107,1720.92358417107,1720.92358417107,1720.92358417107,1615.89427190644,1677.88967513077,1677.88967513077,1677.88967513077,1677.88967513077,1677.88967513077,1677.88967513077,1677.88967513077,1803.92053618703,1800.16983522196
"113","Silicon Valley Skrewts",2014,1630.72398810613,1638.0343408613,13436.6767859924,1638.0343408613,1638.0343408613,1638.0343408613,1638.0343408613,1638.0343408613,1638.0343408613,1638.0343408613,1638.0343408613,1638.0343408613,1638.0343408613,1721.67704740959,1721.67704740959,1721.67704740959,1721.67704740959,1721.67704740959,1721.67704740959,1671.40025945469,1580.9253693488,1580.9253693488,1580.9253693488,1595.89464495425,1595.89464495425,1595.89464495425,1595.89464495425,1595.89464495425,1646.2475858615,1707.71718460546,1707.71718460546,1707.71718460546,1707.71718460546,1707.71718460546,1707.71718460546,1707.71718460546,1685.44339502769,1630.72398810613
"114","Stanford Quidditch",2014,1194.45782162631,1352.46404954304,10082.725634162,1352.46404954304,1352.46404954304,1352.46404954304,1352.46404954304,1352.46404954304,1352.46404954304,1352.46404954304,1352.46404954304,1352.46404954304,1352.46404954304,1337.82367346971,1337.82367346971,1264.92865195458,1264.92865195458,1264.92865195458,1264.92865195458,1264.92865195458,1264.92865195458,1264.92865195458,1264.92865195458,1252.52888508079,1252.52888508079,1252.52888508079,1252.52888508079,1252.52888508079,1194.45782162631,1194.45782162631,1194.45782162631,1194.45782162631,1194.45782162631,1194.45782162631,1194.45782162631,1194.45782162631,1194.45782162631,1194.45782162631
"115","The Southern Storm",2015,1524.3931537782,1546.19422270493,11913.6488071288,1546.19422270493,1546.19422270493,1546.19422270493,1546.19422270493,1546.19422270493,1546.19422270493,1546.19422270493,1546.19422270493,1546.19422270493,1546.19422270493,1560.83418568885,1560.83418568885,1560.83418568885,1560.83418568885,1590.29061663501,1590.29061663501,1590.29061663501,1590.29061663501,1563.12338493672,1563.12338493672,1563.12338493672,1648.33140099754,1638.15172589175,1638.15172589175,1638.15172589175,1638.15172589175,1638.15172589175,1638.15172589175,1638.15172589175,1638.15172589175,1605.49578845253,1605.49578845253,1605.49578845253,1524.3931537782,1524.3931537782
"116","The Long Beach Funky Quaffles",2014,1660.98894719382,1385.85797776192,10872.6087444162,1385.85797776192,1385.85797776192,1385.85797776192,1385.85797776192,1385.85797776192,1385.85797776192,1385.85797776192,1385.85797776192,1385.85797776192,1385.85797776192,1427.67742900088,1427.67742900088,1648.50774992543,1648.50774992543,1648.50774992543,1648.50774992543,1691.56042641453,1691.56042641453,1691.56042641453,1692.83158010155,1692.83158010155,1692.83158010155,1692.83158010155,1692.83158010155,1692.83158010155,1647.12690444228,1698.64445921747,1698.64445921747,1698.64445921747,1698.64445921747,1698.64445921747,1698.64445921747,1698.64445921747,1660.98894719382,1660.98894719382
"117","Baylor University",2014,1652.3770486377,1673.03213025835,10639.6581165928,1673.03213025835,1673.03213025835,1673.03213025835,1673.03213025835,1673.03213025835,1673.03213025835,1673.03213025835,1673.03213025835,1673.03213025835,1673.03213025835,1621.14500809497,1621.14500809497,1621.14500809497,1621.14500809497,1621.14500809497,1621.14500809497,1621.14500809497,1621.14500809497,1537.71234287649,1537.71234287649,1663.46247081042,1663.46247081042,1663.46247081042,1642.6157541887,1683.42451167097,1683.42451167097,1683.42451167097,1683.42451167097,1683.42451167097,1683.42451167097,1683.42451167097,1683.42451167097,1683.42451167097,1652.3770486377,1652.3770486377
"118","Tulane University",2014,1272.92723777513,1373.48892966045,9843.84575105074,1373.48892966045,1373.48892966045,1373.48892966045,1373.48892966045,1373.48892966045,1373.48892966045,1373.48892966045,1373.48892966045,1373.48892966045,1373.48892966045,1373.48892966045,1373.48892966045,1387.51001581002,1387.51001581002,1387.51001581002,1387.51001581002,1435.1926743743,1435.1926743743,1435.1926743743,1435.1926743743,1435.1926743743,1435.1926743743,1435.1926743743,1385.67438970014,1272.92723777513,1272.92723777513,1272.92723777513,1272.92723777513,1272.92723777513,1272.92723777513,1272.92723777513,1272.92723777513,1272.92723777513,1272.92723777513,1272.92723777513
"119","University of Southern Mississippi",2014,1004.87000484897,1215.38178224126,10509.9623565213,1215.38178224126,1215.38178224126,1215.38178224126,1215.38178224126,1215.38178224126,1215.38178224126,1215.38178224126,1215.38178224126,1215.38178224126,1215.38178224126,1215.38178224126,1215.38178224126,1132.05732978941,1132.05732978941,1132.05732978941,1132.05732978941,1168.17718552345,1168.17718552345,1168.17718552345,1168.17718552345,1168.17718552345,1141.40847994886,1124.49788798041,1124.49788798041,1124.49788798041,1124.49788798041,1124.49788798041,1124.49788798041,1124.49788798041,1124.49788798041,1124.49788798041,1047.34340353018,1004.87000484897,1004.87000484897,1004.87000484897
"120","inTENNsity",2016,1524.0492877064,1559.81220010304,10269.0885595295,1559.81220010304,1559.81220010304,1559.81220010304,1559.81220010304,1559.81220010304,1559.81220010304,1559.81220010304,1559.81220010304,1559.81220010304,1559.81220010304,1559.81220010304,1559.81220010304,1554.53832224101,1554.53832224101,1525.08189129486,1525.08189129486,1525.08189129486,1525.08189129486,1525.08189129486,1525.08189129486,1525.08189129486,1542.45291121319,1573.11590848161,1573.11590848161,1573.11590848161,1573.11590848161,1573.11590848161,1573.11590848161,1573.11590848161,1573.11590848161,1530.51597904726,1530.51597904726,1530.51597904726,1524.0492877064,1524.0492877064
"121","Louisiana State University",2014,1192.65585197532,1294.9001072832,12456.054609497,1294.9001072832,1294.9001072832,1294.9001072832,1294.9001072832,1294.9001072832,1294.9001072832,1294.9001072832,1294.9001072832,1294.9001072832,1294.9001072832,1294.9001072832,1294.9001072832,1304.70365288727,1304.70365288727,1304.70365288727,1304.70365288727,1208.28955011103,1208.28955011103,1208.28955011103,1208.28955011103,1208.28955011103,1208.28955011103,1208.28955011103,1128.49210810851,1120.47765266893,1120.47765266893,1120.47765266893,1120.47765266893,1120.47765266893,1120.47765266893,1120.47765266893,1201.56049826694,1192.65585197532,1192.65585197532,1192.65585197532
"122","Los Angeles Gambits",2015,2074.38895001053,1926.08055005555,14339.9476076599,1926.08055005555,1926.08055005555,1926.08055005555,1926.08055005555,1926.08055005555,1926.08055005555,1926.08055005555,1926.08055005555,1926.08055005555,1926.08055005555,1926.08055005555,1926.08055005555,1899.89628651126,1899.89628651126,1899.89628651126,1899.89628651126,1976.30631291082,2045.98166985909,2045.98166985909,2045.98166985909,2045.98166985909,2045.98166985909,2045.98166985909,2045.98166985909,2045.98166985909,2071.30248584191,2063.83103289398,2063.83103289398,2063.83103289398,2063.83103289398,2063.83103289398,2063.83103289398,2063.83103289398,2124.71064017062,2074.38895001053
"123","Anteater Quidditch",2015,1411.12689371884,1227.05066209807,10363.2142484149,1227.05066209807,1227.05066209807,1227.05066209807,1227.05066209807,1227.05066209807,1227.05066209807,1227.05066209807,1227.05066209807,1227.05066209807,1227.05066209807,1142.00765479424,1142.00765479424,1265.77296362402,1265.77296362402,1265.77296362402,1265.77296362402,1265.77296362402,1265.77296362402,1265.77296362402,1359.03703299802,1359.03703299802,1359.03703299802,1359.03703299802,1359.03703299802,1359.03703299802,1317.4971399602,1437.40567184026,1437.40567184026,1437.40567184026,1437.40567184026,1437.40567184026,1437.40567184026,1437.40567184026,1411.12689371884,1411.12689371884
"124","University of California Los Angeles",2014,1806.66533003091,1555.92878957535,10345.1156537923,1555.92878957535,1555.92878957535,1555.92878957535,1555.92878957535,1555.92878957535,1555.92878957535,1555.92878957535,1555.92878957535,1555.92878957535,1555.92878957535,1555.92878957535,1555.92878957535,1504.06433915701,1504.06433915701,1504.06433915701,1504.06433915701,1504.06433915701,1504.06433915701,1504.06433915701,1589.25141201073,1589.25141201073,1589.25141201073,1589.25141201073,1589.25141201073,1589.25141201073,1746.66035881905,1731.22435963817,1731.22435963817,1737.64105415917,1737.64105415917,1737.64105415917,1737.64105415917,1737.64105415917,1761.16322114141,1806.66533003091
"125","Wizards of Westwood",2014,1176.89044864755,1405.90570276457,10949.9076864022,1405.90570276457,1405.90570276457,1405.90570276457,1405.90570276457,1405.90570276457,1405.90570276457,1405.90570276457,1405.90570276457,1405.90570276457,1405.90570276457,1405.90570276457,1405.90570276457,1320.82112992775,1320.82112992775,1320.82112992775,1320.82112992775,1320.82112992775,1320.82112992775,1320.82112992775,1251.42280948249,1251.42280948249,1251.42280948249,1251.42280948249,1251.42280948249,1251.42280948249,1183.30714316855,1183.30714316855,1183.30714316855,1176.89044864755,1176.89044864755,1176.89044864755,1176.89044864755,1176.89044864755,1176.89044864755,1176.89044864755
"126","University of Southern California",2014,1264.41806257401,1414.89180701005,15490.3191720265,1414.89180701005,1414.89180701005,1414.89180701005,1414.89180701005,1414.89180701005,1414.89180701005,1414.89180701005,1414.89180701005,1414.89180701005,1414.89180701005,1414.89180701005,1414.89180701005,1373.34727997617,1373.34727997617,1373.34727997617,1373.34727997617,1373.34727997617,1373.34727997617,1373.34727997617,1264.41806257401,1264.41806257401,1264.41806257401,1264.41806257401,1264.41806257401,1264.41806257401,1264.41806257401,1264.41806257401,1264.41806257401,1264.41806257401,1264.41806257401,1264.41806257401,1264.41806257401,1264.41806257401,1264.41806257401,1264.41806257401
"127","The Lost Boys",2014,2026.22670837183,1915.07924436824,10689.0848471818,1915.07924436824,1915.07924436824,1915.07924436824,1915.07924436824,1915.07924436824,1915.07924436824,1915.07924436824,1915.07924436824,1915.07924436824,1915.07924436824,1915.07924436824,1915.07924436824,1956.56050858499,1956.56050858499,1956.56050858499,1956.56050858499,1956.56050858499,1954.89861613452,1954.89861613452,1953.5038580672,1953.5038580672,1953.5038580672,1953.5038580672,1953.5038580672,1953.5038580672,1988.22048520505,1961.41186861832,1961.41186861832,1961.41186861832,1961.41186861832,1961.41186861832,1961.41186861832,1961.41186861832,2027.06703925846,2026.22670837183
"128","The Fighting Farmers of Arizona",2016,1637.26836852908,1772.36859226208,10289.622651809,1772.36859226208,1772.36859226208,1772.36859226208,1772.36859226208,1772.36859226208,1772.36859226208,1772.36859226208,1772.36859226208,1772.36859226208,1772.36859226208,1772.36859226208,1772.36859226208,1737.12230186449,1737.12230186449,1737.12230186449,1737.12230186449,1737.12230186449,1718.28467489732,1718.28467489732,1718.28467489732,1718.28467489732,1718.28467489732,1718.28467489732,1718.28467489732,1718.28467489732,1720.96372695193,1637.26836852908,1637.26836852908,1637.26836852908,1637.26836852908,1637.26836852908,1637.26836852908,1637.26836852908,1637.26836852908,1637.26836852908
"129","Gulf Coast Gumbeaux",2016,1872.65275375892,1665.84550255068,17615.7467051975,1665.84550255068,1665.84550255068,1665.84550255068,1665.84550255068,1665.84550255068,1665.84550255068,1665.84550255068,1665.84550255068,1665.84550255068,1665.84550255068,1665.84550255068,1665.84550255068,1730.61920111092,1730.61920111092,1730.61920111092,1730.61920111092,1744.71791307247,1744.71791307247,1744.71791307247,1767.94295526465,1767.94295526465,1767.94295526465,1767.94295526465,1776.32648696596,1796.52312898249,1796.52312898249,1796.52312898249,1796.52312898249,1796.52312898249,1796.52312898249,1796.52312898249,1796.52312898249,1796.52312898249,1838.32836099185,1872.65275375892
"130","Illinois State University Firebirds",2014,1439.74103892648,1630.90497401176,8835.16390725751,1553.21659829884,1553.21659829884,1422.51440660615,1422.51440660615,1422.51440660615,1422.51440660615,1422.51440660615,1422.51440660615,1422.51440660615,1422.51440660615,1422.51440660615,1422.51440660615,1397.5542003486,1497.02178323095,1497.02178323095,1497.02178323095,1497.02178323095,1497.02178323095,1516.30451412738,1516.30451412738,1516.30451412738,1516.30451412738,1516.30451412738,1516.30451412738,1516.30451412738,1458.16592609048,1458.16592609048,1394.89048745811,1394.89048745811,1394.89048745811,1394.89048745811,1394.89048745811,1394.89048745811,1439.74103892648,1439.74103892648
"131","Southern Illinois University Quidditch",2014,1105.44143461894,1292.59172255225,9589.21849580773,1292.59172255225,1292.59172255225,1292.59172255225,1292.59172255225,1292.59172255225,1187.67725961617,1187.67725961617,1187.67725961617,1187.67725961617,1187.67725961617,1187.67725961617,1187.67725961617,1136.59362810734,1105.44143461894,1105.44143461894,1105.44143461894,1105.44143461894,1105.44143461894,1105.44143461894,1105.44143461894,1105.44143461894,1105.44143461894,1105.44143461894,1105.44143461894,1105.44143461894,1105.44143461894,1105.44143461894,1105.44143461894,1105.44143461894,1105.44143461894,1105.44143461894,1105.44143461894,1105.44143461894,1105.44143461894,1105.44143461894
"132","Penn State University Nittany Lions",2014,1799.85242684677,1753.00286445042,16434.7489772455,1753.00286445042,1753.00286445042,1753.00286445042,1753.00286445042,1753.00286445042,1824.67358175711,1824.67358175711,1824.67358175711,1824.67358175711,1824.67358175711,1824.67358175711,1824.67358175711,1824.67358175711,1824.67358175711,1830.93022022583,1801.87051979494,1801.87051979494,1801.87051979494,1801.87051979494,1801.87051979494,1801.87051979494,1801.87051979494,1801.87051979494,1801.87051979494,1801.87051979494,1801.87051979494,1801.87051979494,1801.87051979494,1801.87051979494,1801.87051979494,1801.87051979494,1785.55338508791,1862.36775205405,1866.79745425299,1799.85242684677
"133","Houston Cosmos Quidditch Club",2017,1157.44604065948,1500,11328.0789818176,1500,1500,1500,1500,1500,1500,1500,1500,1500,1500,1500,1500,1500,1500,1500,1500,1229.02817012543,1229.02817012543,1229.02817012543,1258.67544242418,1258.67544242418,1258.67544242418,1258.67544242418,1218.20556259153,1160.65630835654,1160.65630835654,1160.65630835654,1160.65630835654,1160.65630835654,1160.65630835654,1160.65630835654,1165.66824985531,1157.44604065948,1157.44604065948,1157.44604065948
"134","College of Charleston Quidditch",2014,1418.6431641414,1476.9455747599,9596.83215656208,1476.9455747599,1476.9455747599,1476.9455747599,1476.9455747599,1476.9455747599,1476.9455747599,1476.9455747599,1476.9455747599,1476.9455747599,1476.9455747599,1476.9455747599,1476.9455747599,1476.9455747599,1476.9455747599,1476.9455747599,1476.9455747599,1476.9455747599,1370.84030746961,1417.47534365149,1417.47534365149,1417.47534365149,1402.4680567253,1418.6431641414,1418.6431641414,1418.6431641414,1418.6431641414,1418.6431641414,1418.6431641414,1418.6431641414,1418.6431641414,1418.6431641414,1418.6431641414,1418.6431641414,1418.6431641414,1418.6431641414
"135","North Texas Firebolts",2017,1211.30241259283,1500,11206.940321792,1500,1500,1500,1500,1500,1384.40355355356,1384.40355355356,1384.40355355356,1384.40355355356,1384.40355355356,1384.40355355356,1384.40355355356,1384.40355355356,1384.40355355356,1384.40355355356,1384.40355355356,1384.40355355356,1384.40355355356,1400.867540224,1400.867540224,1400.867540224,1400.867540224,1400.867540224,1319.03894290414,1297.9704637831,1297.9704637831,1297.9704637831,1297.9704637831,1297.9704637831,1297.9704637831,1297.9704637831,1261.26630556475,1211.30241259283,1211.30241259283,1211.30241259283
"136","Emerald City Admirals",2016,1183.18443972513,1385.0324120451,8014.56353181518,1385.0324120451,1385.0324120451,1385.0324120451,1385.0324120451,1385.0324120451,1385.0324120451,1385.0324120451,1385.0324120451,1385.0324120451,1385.0324120451,1385.0324120451,1385.0324120451,1385.0324120451,1385.0324120451,1385.0324120451,1385.0324120451,1385.0324120451,1385.0324120451,1385.0324120451,1290.06740924225,1290.06740924225,1290.06740924225,1290.06740924225,1316.83265004746,1316.83265004746,1316.83265004746,1316.83265004746,1183.18443972513,1183.18443972513,1183.18443972513,1183.18443972513,1183.18443972513,1183.18443972513,1183.18443972513,1183.18443972513
"137","San Jose State University Spartans",2014,1193.49754109487,1231.48875537613,9408.78480607124,1231.48875537613,1231.48875537613,1231.48875537613,1231.48875537613,1231.48875537613,1231.48875537613,1231.48875537613,1231.48875537613,1231.48875537613,1231.48875537613,1176.78783608513,1176.78783608513,1176.78783608513,1176.78783608513,1176.78783608513,1176.78783608513,1176.78783608513,1176.78783608513,1176.78783608513,1176.78783608513,1223.98640443577,1223.98640443577,1223.98640443577,1223.98640443577,1223.98640443577,1203.75874111241,1193.49754109487,1193.49754109487,1193.49754109487,1193.49754109487,1193.49754109487,1193.49754109487,1193.49754109487,1193.49754109487,1193.49754109487
"138","Arizona State University",2014,1917.72719880311,1719.87571348205,8756.24149116279,1719.87571348205,1719.87571348205,1719.87571348205,1763.37309442127,1763.37309442127,1763.37309442127,1763.37309442127,1763.37309442127,1763.37309442127,1763.37309442127,1808.53315375169,1808.53315375169,1808.53315375169,1808.53315375169,1808.53315375169,1808.53315375169,1808.53315375169,1808.53315375169,1808.53315375169,1808.53315375169,1808.53315375169,1808.53315375169,1808.53315375169,1808.53315375169,1808.53315375169,1849.59870252062,1955.29075314934,1955.29075314934,1955.29075314934,1955.29075314934,1955.6663383355,1955.6663383355,1955.6663383355,1948.32151813686,1917.72719880311
"139","University of Massachusetts Lowell Riverhawks",2017,1209.21823889663,1500,7891.03814818263,1500,1500,1500,1340.62825148149,1340.62825148149,1315.1730246971,1315.1730246971,1315.1730246971,1246.1045591013,1209.21823889663,1209.21823889663,1209.21823889663,1209.21823889663,1209.21823889663,1209.21823889663,1209.21823889663,1209.21823889663,1209.21823889663,1209.21823889663,1209.21823889663,1209.21823889663,1209.21823889663,1209.21823889663,1209.21823889663,1209.21823889663,1209.21823889663,1209.21823889663,1209.21823889663,1209.21823889663,1209.21823889663,1209.21823889663,1209.21823889663,1209.21823889663,1209.21823889663,1209.21823889663
"140","Tri-State Lightning Quidditch Club",2016,1357.63227948271,1284.59835433309,9063.85901668601,1284.59835433309,1284.59835433309,1284.59835433309,1284.59835433309,1357.63227948271,1357.63227948271,1357.63227948271,1357.63227948271,1357.63227948271,1357.63227948271,1357.63227948271,1357.63227948271,1357.63227948271,1357.63227948271,1357.63227948271,1357.63227948271,1357.63227948271,1357.63227948271,1357.63227948271,1357.63227948271,1357.63227948271,1357.63227948271,1357.63227948271,1357.63227948271,1357.63227948271,1357.63227948271,1357.63227948271,1357.63227948271,1357.63227948271,1357.63227948271,1357.63227948271,1357.63227948271,1357.63227948271,1357.63227948271,1357.63227948271
"141","Moscow Manticores at the University of Idaho",2015,1177.81025454916,1318.1932774462,9034.27793748079,1318.1932774462,1318.1932774462,1318.1932774462,1318.1932774462,1318.1932774462,1318.1932774462,1177.81025454916,1177.81025454916,1177.81025454916,1177.81025454916,1177.81025454916,1177.81025454916,1177.81025454916,1177.81025454916,1177.81025454916,1177.81025454916,1177.81025454916,1177.81025454916,1177.81025454916,1177.81025454916,1177.81025454916,1177.81025454916,1177.81025454916,1177.81025454916,1177.81025454916,1177.81025454916,1177.81025454916,1177.81025454916,1177.81025454916,1177.81025454916,1177.81025454916,1177.81025454916,1177.81025454916,1177.81025454916,1177.81025454916
"142","Team-Who-Must-Not-Be-Named",2017,1125.71801840973,1500,2251.43603681947,1500,1500,1500,1500,1500,1500,1500,1125.71801840973,1125.71801840973,1125.71801840973,1125.71801840973,1125.71801840973,1125.71801840973,1125.71801840973,1125.71801840973,1125.71801840973,1125.71801840973,1125.71801840973,1125.71801840973,1125.71801840973,1125.71801840973,1125.71801840973,1125.71801840973,1125.71801840973,1125.71801840973,1125.71801840973,1125.71801840973,1125.71801840973,1125.71801840973,1125.71801840973,1125.71801840973,1125.71801840973,1125.71801840973,1125.71801840973,1125.71801840973
"143","Skyfighters Quidditch Club",2014,1215.86840317319,1266.26100838659,7319.03523344039,1266.26100838659,1266.26100838659,1266.26100838659,1266.26100838659,1266.26100838659,1266.26100838659,1266.26100838659,1266.26100838659,1266.26100838659,1266.26100838659,1215.86840317319,1215.86840317319,1215.86840317319,1215.86840317319,1215.86840317319,1215.86840317319,1215.86840317319,1215.86840317319,1215.86840317319,1215.86840317319,1215.86840317319,1215.86840317319,1215.86840317319,1215.86840317319,1215.86840317319,1215.86840317319,1215.86840317319,1215.86840317319,1215.86840317319,1215.86840317319,1215.86840317319,1215.86840317319,1215.86840317319,1215.86840317319,1215.86840317319
"144","Johns Hopkins Quidditch",2017,1395.72602454615,1500,4187.17807363846,1500,1500,1500,1500,1500,1500,1500,1500,1500,1500,1395.72602454615,1395.72602454615,1395.72602454615,1395.72602454615,1395.72602454615,1395.72602454615,1395.72602454615,1395.72602454615,1395.72602454615,1395.72602454615,1395.72602454615,1395.72602454615,1395.72602454615,1395.72602454615,1395.72602454615,1395.72602454615,1395.72602454615,1395.72602454615,1395.72602454615,1395.72602454615,1395.72602454615,1395.72602454615,1395.72602454615,1395.72602454615,1395.72602454615
